utc_timestamp,AT_temperature,BE_temperature,BG_temperature,CH_temperature,CZ_temperature,DE_temperature,DK_temperature,EE_temperature,ES_temperature,FI_temperature,FR_temperature,GB_temperature,GR_temperature,HR_temperature,HU_temperature,IE_temperature,IT_temperature,LT_temperature,LU_temperature,LV_temperature,NL_temperature,NO_temperature,PL_temperature,PT_temperature,RO_temperature,SE_temperature,SI_temperature,SK_temperature
1980-07-23T04:00:00Z,24.025,-8.027,19.109,0.377,24.992,13.685,20.316,9.182,6.013,2.716,-8.765,21.171,10.305,21.503,24.137,8.739,29.05,8.597,26.113,26.876,22.126,24.328,-4.148,-7.342,-4.358,7.597,-3.004,23.209
1980-05-05T06:00:00Z,26.021,17.237,10.575,24.442,17.607,18.297,8.513,4.611,-5.957,16.539,-2.685,15.474,7.281,0.563,-6.64,16.253,19.235,24.088,21.593,16.41,14.746,17.991,-2.419,0.727,20.68,0.081,28.218,7.444
1980-06-14T11:00:00Z,26.116,7.475,1.797,4.614,-1.064,5.829,29.235,18.215,-9.657,15.108,-0.106,20.862,4.235,9.538,15.169,14.958,5.955,-0.868,19.761,6.062,-8.32,-0.947,-7.619,-0.374,3.796,16.007,-9.923,11.999
1980-01-02T18:00:00Z,17.343,12.435,23.142,12.409,5.932,2.891,-0.326,20.64,9.693,-4.729,2.701,-0.008,-6.553,-6.941,5.829,-1.11,26.842,12.96,7.146,12.699,-2.167,2.455,29.76,8.044,17.898,19.988,0.398,17.241
1980-06-08T01:00:00Z,2.221,17.516,25.042,0.162,-3.018,21.824,5.852,27.858,16.565,28.329,-8.999,14.826,5.908,11.647,18.246,18.389,10.875,3.646,15.152,0.747,23.995,11.856,-9.669,16.347,9.419,-4.271,6.454,-3.602
1980-03-25T04:00:00Z,15.46,-6.982,16.411,6.862,28.122,-5.515,-7.916,24.447,22.736,-6.961,-3.299,17.148,11.517,26.347,27.264,9.88,22.611,0.488,-3.455,-8.606,14.117,-4.756,-9.256,-1.917,24.182,8.646,-0.305,-3.285
1980-01-08T10:00:00Z,-3.76,-4.365,14.135,-7.306,16.836,23.969,15.316,1.209,-6.183,-8.331,0.581,-1.423,23.937,22.188,10.418,5.806,-2.937,25.396,-7.535,-0.912,18.219,1.88,12.187,-1.988,27.723,-7.617,5.97,8.131
1980-09-04T13:00:00Z,10.712,23.972,20.38,6.36,16.467,14.359,0.574,13.684,5.393,23.859,12.643,6.792,0.131,-1.932,1.476,12.324,28.221,17.946,2.351,23.684,13.043,-4.346,-7.499,-3.363,5.208,26.421,19.315,-7.559
1980-11-23T18:00:00Z,16.152,1.453,9.964,11.238,3.376,18.351,25.978,18.094,20.933,25.361,-4.114,1.609,16.187,1.381,23.457,26.943,9.555,1.921,16.963,10.643,-9.025,21.009,-6.352,-4.538,28.791,4.909,22.469,6.331
1980-09-15T11:00:00Z,0.245,27.716,10.963,20.742,-1.287,4.749,27.943,22.65,-6.57,17.281,-9.959,3.178,14.142,-4.145,24.968,23.803,-8.099,2.858,-7.749,-9.913,17.3,-5.311,18.868,-1.021,-6.971,9.886,5.791,19.144
1981-09-26T09:00:00Z,14.472,7.519,11.392,0.867,5.445,16.011,15.82,18.168,22.633,9.847,-6.115,18.291,18.197,-8.662,-4.737,-5.822,-2.17,16.964,16.078,8.86,11.693,19.945,22.992,28.607,27.256,5.75,-0.496,12.039
1981-08-03T06:00:00Z,0.381,15.228,-3.663,9.68,5.795,27.64,-7.666,24.638,-3.158,22.94,-4.635,28.294,25.121,3.626,15.099,26.235,-0.5,11.972,19.34,8.77,7.426,5.63,-3.706,18.343,11.856,-9.723,-6.593,-8.461
1981-10-03T08:00:00Z,24.505,7.835,15.247,20.286,26.837,28.913,5.583,4.623,3.812,16.087,-5.189,13.945,12.316,-4.438,17.893,18.798,24.628,26.456,-7.184,5.17,0.982,20.868,12.92,1.873,-1.854,16.776,15.189,27.077
1981-03-08T11:00:00Z,22.194,20.392,12.073,28.029,4.825,-8.795,20.954,-7.538,18.799,26.525,-9.395,14.783,11.234,-0.128,13.25,17.136,9.08,19.488,-9.584,25.421,15.245,17.497,-8.614,24.681,29.463,9.9,12.078,16.546
1981-03-08T04:00:00Z,3.609,-8.122,-0.293,-0.714,28.99,-5.981,22.402,8.822,19.171,23.68,22.501,13.073,12.64,10.316,17.401,2.15,-4.885,20.268,10.538,19.464,4.533,10.72,11.72,-9.72,16.16,-4.6,-2.433,-2.369
1981-08-02T13:00:00Z,-3.9,3.331,2.782,21.234,3.782,16.556,-5.556,4.235,-8.768,24.149,15.598,24.395,16.531,-9.227,26.578,-1.2,22.346,24.214,9.18,14.918,22.254,1.952,20.107,2.002,4.581,-9.973,-7.834,4.496
1981-12-19T06:00:00Z,1.99,-2.186,28.605,-1.376,24.194,4.731,2.367,28.872,7.025,1.437,20.898,18.308,14.091,7.961,12.896,-0.389,17.783,-7.649,-6.104,15.021,-7.399,11.072,28.994,-8.776,6.845,5.653,-9.892,25.171
1981-02-07T23:00:00Z,20.719,22.43,12.612,13.316,6.471,10.159,-7.702,6.607,6.55,8.557,-0.477,12.582,15.063,0.388,14.691,22.672,-4.623,1.166,26.893,22.972,10.969,11.543,12.666,-5.725,-0.736,18.62,5.246,-7.024
1981-12-03T12:00:00Z,5.392,3.528,-4.068,-1.205,23.441,-7.343,9.666,-4.15,13.383,23.661,1.685,-8.011,-7.816,14.513,26.972,-1.145,26.033,5.206,19.38,20.115,24.842,22.322,25.151,17.796,3.519,21.494,3.676,-3.815
1981-10-28T08:00:00Z,14.014,1.932,18.47,11.084,-1.574,8.639,15.513,5.031,23.756,-0.85,-5.68,-2.449,7.332,-4.723,3.151,11.704,13.473,-2.719,6.586,11.481,5.894,26.724,22.257,0.33,9.508,21.359,14.608,-3.726
1982-06-03T09:00:00Z,16.006,22.459,2.344,15.24,29.613,1.094,23.058,5.71,18.095,9.131,16.919,23.109,6.459,24.178,4.045,24.485,26.744,24.773,17.33,-2.292,21.433,21.526,5.137,0.862,9.472,1.851,16.084,4.815
1982-03-12T19:00:00Z,10.171,14.17,9.665,1.062,-8.295,-5.994,0.256,25.98,-9.746,11.341,3.609,6.682,13.538,-6.093,-4.224,29.134,21.031,7.972,4.236,4.826,19.227,15.965,-1.256,2.94,15.379,3.051,22.093,21.85
1982-08-19T07:00:00Z,20.813,-7.199,13.156,12.942,4.543,15.755,-7.181,-8.653,2.766,21.371,22.406,21.384,27.207,28.877,-3.127,17.811,-0.326,21.316,17.376,28.988,12.532,3.836,6.547,28.933,-4.593,10.632,0.425,2.843
1982-07-29T19:00:00Z,14.786,7.457,-6.561,17.914,21.002,-4.339,16.483,25.445,10.943,13.523,28.263,13.798,12.46,5.772,12.966,28.096,1.108,21.794,25.232,20.772,-6.535,0.205,10.85,20.071,7.724,22.855,15.068,6.495
1982-12-22T19:00:00Z,14.738,6.793,26.105,12.074,21.175,-5.108,-9.048,2.94,26.645,5.917,1.805,2.57,19.109,-0.779,6.93,12.737,15.877,-5.397,10.607,2.906,15.587,25.056,16.233,18.315,20.377,29.219,7.99,-0.731
1982-02-02T16:00:00Z,11.687,25.856,-9.091,17.755,16.258,14.393,-9.25,-1.473,3.263,-9.595,10.605,-3.532,-8.172,9.668,9.751,0.129,19.093,21.985,12.209,26.721,14.345,24.058,1.478,-9.769,15.742,15.365,22.995,2.934
1982-06-28T08:00:00Z,0.073,12.887,12.692,19.272,-3.194,20.21,-8.342,29.689,-0.025,-7.386,1.807,-4.385,13.65,18.763,14.009,-4.152,-9.747,7.196,15.167,19.953,-0.415,27.514,24.79,14.516,3.253,21.684,1.092,12.331
1982-06-26T07:00:00Z,27.589,28.14,19.254,9.503,4.157,-2.361,28.886,4.443,14.668,6.687,8.688,-0.952,20.921,10.234,0.652,7.981,18.31,-7.556,21.534,23.619,3.103,0.121,20.055,21.57,20.744,22.889,-7.228,-9.403
1982-08-14T19:00:00Z,0.615,-5.706,6.413,-2.451,7.24,13.968,27.465,27.701,21.464,0.433,21.198,0.401,17.282,-9.894,-4.78,-3.464,7.325,-0.513,26.327,13.683,-1.743,-9.4,15.87,11.238,18.929,21.719,11.475,25.912
1982-11-17T05:00:00Z,21.42,25.346,16.393,27.704,0.911,3.83,25.024,28.718,1.336,7.034,22.428,12.544,18.37,-1.771,-9.466,15.378,-9.737,21.383,27.742,19.377,-6.787,13.825,14.365,15.554,22.281,25.275,27.689,1.436
1983-02-16T13:00:00Z,11.61,14.014,26.975,4.629,26.104,22.01,5.893,-2.951,-7.421,4.068,20.289,1.741,-8.507,8.381,22.169,15.369,10.928,25.8,23.289,-0.209,11.618,9.067,5.486,12.28,17.742,21.984,6.718,29.375
1983-10-15T16:00:00Z,-7.204,-9.337,0.156,12.556,19.08,-7.348,1.038,18.059,9.582,21.954,4.993,3.577,-7.635,26.212,22.856,28.188,5.123,22.097,7.444,9.085,5.711,24.73,-2.9,13.222,23.517,12.206,-6.317,23.101
1983-09-06T02:00:00Z,-0.778,13.031,12.977,8.842,-9.602,23.472,9.114,-5.342,28.391,3.457,24.577,-7.015,-0.762,6.078,15.134,11.956,14.598,8.725,-2.498,15.857,28.939,-9.995,22.112,15.812,4.144,3.816,11.734,16.806
1983-01-24T05:00:00Z,27.221,19.28,9.594,23.466,8.513,4.241,-5.811,0.747,19.245,15.543,20.641,7.632,4.659,21.65,-7.375,3.376,-6.729,10.768,-1.786,-5.364,-3.258,16.646,-5.497,26.245,-5.047,12.93,25.872,16.678
1983-04-22T11:00:00Z,9.039,3.098,-6.706,0.035,11.097,5.187,27.426,13.508,27.639,18.273,4.024,6.004,5.004,14.852,9.584,2.964,20.374,25.162,0.661,-0.344,28.785,23.926,13.766,19.026,-7.482,23.815,28.38,10.293
1983-01-30T11:00:00Z,3.49,27.23,5.317,26.536,28.123,13.239,1.235,-1.555,3.434,27.668,0.492,9.4,-2.184,-0.329,6.051,6.971,-3.3,-6.504,13.909,15.246,-2.15,-9.792,12.226,18.706,-3.794,22.412,3.551,12.149
1983-11-17T21:00:00Z,-6.984,20.824,-8.848,-6.316,-6.711,27.828,29.282,29.658,10.561,7.768,7.751,15.024,23.03,18.253,14.646,20.466,-2.542,2.106,24.519,2.739,-5.007,-6.562,-2.526,1.629,1.521,19.951,-2.0,24.926
1983-04-29T00:00:00Z,21.205,-2.905,27.554,1.372,22.194,13.333,21.371,25.622,16.889,-8.313,3.889,0.771,-2.551,20.083,23.557,28.745,26.995,8.399,22.29,28.663,-7.001,0.175,3.313,-3.102,15.145,1.252,14.502,25.225
1983-07-07T04:00:00Z,-5.568,27.289,-0.689,9.8,6.581,10.321,9.679,-1.577,28.937,29.485,28.055,15.139,6.558,12.471,16.843,-5.477,29.422,14.639,-8.119,26.057,18.362,11.143,6.441,5.484,21.585,17.844,0.173,19.381
1983-09-18T09:00:00Z,17.349,-2.379,23.684,27.809,24.85,28.109,-6.697,4.353,28.437,25.153,3.627,18.6,13.876,19.989,-0.467,28.379,-5.083,23.99,-1.475,10.335,9.407,1.954,29.896,9.425,18.914,14.827,4.16,2.589
1984-04-22T11:00:00Z,5.886,2.304,25.211,9.066,-8.42,-7.918,22.971,9.133,15.685,10.549,20.106,13.333,1.724,-6.985,13.236,26.466,6.219,0.542,22.777,7.657,19.891,20.426,-6.706,29.178,-4.215,9.029,-1.492,-6.082
1984-08-16T06:00:00Z,8.158,-9.604,17.206,4.763,18.133,0.157,19.163,17.95,21.794,18.92,-6.669,13.35,-8.85,21.222,2.113,0.457,17.948,11.594,8.234,29.946,22.127,5.985,25.395,-8.453,26.015,-8.541,23.527,17.156
1984-01-20T17:00:00Z,2.536,28.358,-2.811,15.325,16.671,19.942,-3.516,25.629,4.576,29.808,26.194,23.041,3.754,12.864,13.883,29.124,-8.392,10.247,26.501,18.661,20.705,-3.082,5.988,26.32,6.941,2.685,25.626,20.482
1984-08-05T19:00:00Z,17.01,21.39,24.858,-9.729,18.268,19.639,12.768,-4.704,1.048,29.18,27.055,3.687,21.035,21.302,-2.513,-6.36,18.442,12.859,0.966,20.023,10.972,1.629,13.353,28.508,3.279,1.51,2.008,-7.363
1984-12-27T23:00:00Z,8.898,-0.101,-3.751,14.953,-1.78,5.862,20.162,25.96,12.549,-8.214,21.66,0.161,6.747,9.945,17.683,10.066,14.792,-3.366,-3.065,0.991,9.3,1.355,25.689,2.214,-6.665,25.413,9.597,27.113
1984-07-26T16:00:00Z,-4.211,7.329,6.536,24.605,-7.317,-4.265,6.59,5.701,24.756,26.454,22.153,4.768,-8.341,6.755,-8.076,0.735,-2.137,1.947,21.409,17.041,24.772,-1.361,21.014,0.852,12.062,-4.792,-2.554,18.34
1984-03-08T12:00:00Z,-3.888,10.062,-5.876,7.927,-9.871,22.806,14.617,-1.407,9.045,-8.005,8.12,4.691,29.965,24.759,10.619,1.847,24.243,1.129,-8.316,-1.103,27.927,7.861,-6.926,19.446,17.737,-1.903,13.339,18.53
1984-07-26T11:00:00Z,1.12,-9.269,12.82,13.525,17.202,10.569,20.984,-6.112,8.248,29.36,16.213,24.516,5.613,14.823,20.309,19.316,7.061,2.639,26.22,21.498,-3.729,19.173,27.497,21.443,24.707,14.146,-9.519,14.955
1984-04-05T07:00:00Z,-0.336,3.251,11.045,6.529,29.316,28.656,27.931,-2.209,17.48,29.526,1.104,-4.193,0.291,22.353,3.001,28.45,2.958,20.446,-4.314,25.555,16.604,18.901,0.157,26.278,28.539,21.092,22.492,-6.806
1984-10-20T16:00:00Z,8.933,-8.53,28.632,18.595,0.85,7.061,16.609,26.892,7.257,-3.66,6.845,12.735,15.199,1.663,-1.174,-6.133,-7.987,24.406,24.808,21.283,15.224,5.458,-3.115,0.276,27.555,19.4,22.126,29.797
1985-04-26T18:00:00Z,-2.853,24.809,-3.981,27.096,20.085,10.189,11.871,24.947,-0.292,0.845,6.815,-3.999,21.478,11.334,3.091,-5.618,19.8,24.833,23.939,23.429,27.429,18.579,8.62,-2.372,26.429,27.078,-2.372,27.179
1985-12-16T18:00:00Z,13.057,0.285,-4.866,16.517,-1.809,11.04,5.299,13.475,12.77,15.318,28.248,14.631,-1.973,23.62,0.931,2.955,-1.095,25.056,17.796,-7.15,24.933,12.526,3.662,1.794,0.822,-7.647,0.057,8.867
1985-05-24T00:00:00Z,16.192,6.345,26.881,17.777,26.533,8.263,8.602,19.834,16.918,26.8,20.787,-6.504,-1.53,-6.289,24.375,6.049,29.347,3.693,0.781,23.589,12.882,20.204,-3.656,7.827,3.288,0.155,-4.553,9.473
1985-12-26T01:00:00Z,5.117,26.944,26.475,-7.87,22.647,3.996,14.816,-3.973,9.864,23.703,15.172,10.658,-7.886,0.903,10.753,15.055,20.232,11.688,-6.784,12.748,5.32,23.546,-3.609,-1.238,-2.72,13.505,24.466,6.566
1985-01-14T19:00:00Z,18.723,29.407,0.449,2.738,6.039,-7.69,6.187,26.568,5.313,-2.759,23.711,-0.351,-3.816,5.85,16.58,12.097,-7.197,2.678,-5.147,-0.555,1.137,-7.164,11.032,7.508,10.324,11.639,6.429,26.132
1985-02-11T14:00:00Z,-3.482,0.078,28.997,3.457,1.859,11.267,6.236,18.728,3.073,-6.676,6.253,28.353,-6.297,-8.56,4.968,29.442,-9.113,-2.22,13.774,-5.886,20.738,-9.701,-8.588,10.754,-3.696,10.7,29.922,-0.568
1985-03-17T17:00:00Z,6.024,9.643,22.697,8.608,1.627,-9.308,-7.246,2.394,8.815,14.243,18.263,11.686,3.552,0.931,-8.86,4.355,18.392,4.621,25.87,22.284,8.918,26.67,-6.845,7.086,28.662,0.304,16.153,9.001
1985-04-29T13:00:00Z,15.996,11.634,6.818,12.03,18.189,-7.666,20.868,3.525,-1.704,14.747,-3.052,20.524,7.505,10.544,23.545,-2.847,7.349,4.645,21.636,19.099,-6.704,-5.821,7.256,-3.71,-7.947,8.243,-4.282,23.595
1985-10-29T02:00:00Z,5.704,-3.598,3.824,-1.682,23.941,-7.933,17.791,20.928,28.325,4.972,29.573,19.812,23.439,-9.864,4.33,-7.073,-2.965,19.896,29.181,7.325,18.256,20.363,-1.546,-8.135,18.362,16.75,19.729,-6.243
1985-01-13T15:00:00Z,0.262,12.036,2.567,2.673,20.72,-8.117,28.97,17.823,10.146,-1.884,9.669,12.662,19.461,15.938,3.621,1.729,4.828,16.405,2.833,29.261,23.339,-3.021,25.384,18.936,-3.725,15.655,0.358,29.767
1986-08-16T08:00:00Z,26.132,0.018,22.97,9.495,10.002,16.852,21.154,23.176,12.975,11.957,7.294,3.997,-7.175,-1.311,20.632,26.222,22.164,-5.546,16.084,-0.963,0.094,17.449,19.978,2.164,13.074,7.464,-7.578,-3.12
1986-10-22T12:00:00Z,24.139,16.134,15.136,9.305,18.012,3.481,27.608,19.504,27.607,20.852,27.713,-6.238,10.026,-8.844,14.795,7.817,17.816,18.42,4.827,1.71,20.451,-2.773,20.735,29.819,-6.394,13.638,-4.282,-3.711
1986-09-29T16:00:00Z,11.126,22.29,-3.03,20.401,6.635,25.635,-0.701,-9.848,-3.329,16.285,-6.276,27.686,3.165,17.853,27.256,27.795,-5.332,6.439,13.722,14.122,-4.147,-6.881,1.822,20.574,-2.799,-5.102,17.746,1.975
1986-12-09T09:00:00Z,12.403,1.717,22.468,16.312,-3.422,-5.46,-2.422,20.406,19.873,20.257,24.226,11.452,-1.955,17.487,26.206,-3.812,-5.74,6.951,29.571,10.829,25.617,21.184,18.457,7.725,17.0,23.497,-1.027,-6.723
1986-08-27T15:00:00Z,20.451,17.006,19.892,6.987,7.525,1.988,6.988,13.15,1.41,13.558,19.498,2.664,7.094,19.58,14.696,19.842,16.497,-7.372,7.612,6.39,-5.827,27.985,-9.014,18.844,23.154,-6.485,12.345,10.639
1986-12-03T05:00:00Z,23.133,-9.089,24.968,-2.511,-6.785,26.591,2.153,15.155,-4.209,-6.069,25.805,8.83,25.943,-8.323,0.127,29.756,14.903,27.899,5.381,5.475,23.336,-4.93,9.375,21.385,10.228,22.584,29.669,24.076
1986-08-19T12:00:00Z,5.147,18.621,-9.247,5.926,3.885,29.572,3.239,22.813,7.387,20.617,16.622,23.156,6.367,8.451,6.013,10.614,0.352,28.002,-7.189,2.175,-7.139,8.649,1.007,19.595,-2.804,20.839,11.605,0.637
1986-10-15T18:00:00Z,-8.913,16.672,-0.209,29.268,13.136,0.516,14.647,28.445,-1.344,10.006,26.914,-3.555,-3.348,-6.183,0.739,0.326,25.187,-9.301,12.512,26.132,0.636,28.725,27.712,23.135,-3.411,-8.601,12.28,10.856
1986-06-06T01:00:00Z,9.394,-3.455,12.735,14.627,26.468,22.353,3.042,-8.793,13.704,3.989,23.895,8.487,16.083,5.736,20.922,13.112,-2.484,13.248,-5.325,-7.464,3.266,7.689,-4.477,27.674,8.139,19.961,0.052,22.069
1986-10-02T07:00:00Z,16.621,14.037,18.818,22.759,5.188,8.535,8.897,18.947,10.806,21.739,6.755,17.468,3.886,-1.885,10.946,-9.1,-2.912,0.129,18.486,8.112,19.073,2.539,-8.304,28.038,5.781,27.839,5.795,0.368
1987-04-26T23:00:00Z,9.049,-5.916,24.17,14.698,19.787,-4.521,1.039,2.867,15.88,18.859,15.719,5.203,15.332,15.253,-3.767,26.101,12.701,20.632,-9.186,12.045,18.855,1.699,-5.402,16.654,-5.756,-0.133,22.887,-2.061
1987-07-19T14:00:00Z,-5.174,9.943,-7.947,-2.019,2.825,20.046,24.276,23.457,28.131,13.0,2.265,-1.986,-7.674,11.57,5.034,25.398,-9.389,21.62,26.434,29.818,-1.646,-0.74,0.823,2.234,8.356,-1.582,-2.511,10.097
1987-06-26T16:00:00Z,26.377,26.522,21.967,14.351,7.724,8.291,-2.263,20.689,-5.104,-0.001,-4.151,3.614,-4.352,-3.087,7.056,8.436,11.659,18.61,9.764,7.856,3.299,5.737,-6.296,-6.032,22.52,4.906,-5.301,20.064
1987-05-27T22:00:00Z,12.055,-6.261,7.837,-3.016,-4.926,0.491,21.183,14.491,25.877,23.658,20.662,5.722,7.439,-2.443,-8.771,8.364,15.821,-9.477,22.693,-2.8,2.703,22.397,14.74,14.352,25.331,27.258,7.29,-4.375
1987-08-04T05:00:00Z,27.794,-5.68,26.766,2.884,4.705,-0.77,23.813,2.208,12.559,24.437,19.822,2.095,5.483,20.423,4.367,23.279,28.455,16.471,26.043,15.253,16.303,-6.635,14.385,6.669,20.233,17.403,-6.905,-8.398
1987-11-26T16:00:00Z,-0.581,2.539,28.37,29.501,23.746,2.465,9.326,15.834,10.651,9.917,28.124,22.47,-7.402,13.702,-4.261,0.262,27.407,4.788,-3.667,28.485,28.424,-7.527,13.44,-0.091,15.282,-6.849,-7.159,13.546
1987-05-20T21:00:00Z,-8.517,7.66,3.768,-0.57,5.172,9.774,2.935,20.576,3.851,28.248,20.722,18.049,8.921,19.136,-5.996,29.401,-9.329,7.635,25.949,8.849,-8.453,12.007,22.904,-6.373,13.988,24.736,21.976,14.48
1987-03-26T12:00:00Z,27.893,24.299,21.773,6.237,2.265,15.139,1.169,29.932,-8.212,20.106,-8.543,18.664,12.875,-3.352,17.881,-3.737,10.467,24.392,19.696,-0.98,-3.135,28.831,24.235,6.713,26.591,-2.186,19.367,27.141
1987-02-13T07:00:00Z,4.422,11.923,-8.647,25.423,21.316,-7.664,2.69,4.67,23.55,28.151,20.82,11.62,29.843,15.602,5.186,-0.514,29.35,26.818,0.706,25.071,6.716,10.42,-4.108,18.559,19.202,22.708,-7.124,8.589
1987-12-10T17:00:00Z,-6.927,-7.409,14.744,8.926,19.905,26.235,14.026,-9.904,14.829,27.569,-8.436,18.51,18.421,18.667,22.661,14.103,20.187,5.888,1.086,27.239,4.095,-1.899,12.435,19.713,20.403,20.244,-7.363,28.463
1988-10-16T22:00:00Z,17.304,-4.84,17.452,-3.505,29.382,25.246,-8.694,18.648,8.089,10.146,-0.799,19.884,20.447,6.523,-7.532,-1.951,25.235,21.072,9.497,-3.079,19.055,-4.686,2.368,2.771,10.21,-9.107,2.008,0.818
1988-08-20T06:00:00Z,-8.222,-1.551,5.957,-6.02,24.181,7.36,23.366,6.798,21.328,20.885,0.782,-2.128,20.795,3.306,29.69,11.985,-2.192,14.526,6.466,24.303,14.961,11.346,9.221,23.246,1.403,24.98,19.1,26.518
1988-04-04T17:00:00Z,17.335,17.953,-9.511,4.002,6.391,12.001,8.803,16.166,6.476,6.696,7.537,13.374,1.787,-8.66,6.483,-9.775,12.305,24.357,14.221,1.731,13.028,1.27,5.744,-8.604,9.9,21.732,28.179,29.237
1988-11-19T06:00:00Z,2.419,20.485,19.148,-1.12,17.262,-8.668,27.055,21.211,-6.654,-1.579,-8.628,6.852,-9.38,12.674,-3.51,9.645,18.163,1.58,-3.43,15.346,12.944,9.49,1.764,17.892,28.447,26.117,-7.192,13.038
1988-03-28T03:00:00Z,12.308,16.438,16.754,21.853,5.064,24.502,26.22,29.831,4.39,-6.176,-2.821,-4.724,28.487,-0.534,18.325,19.776,8.883,14.141,-4.079,4.572,-2.569,19.579,29.426,0.143,28.846,25.506,-1.449,0.249
1988-03-29T03:00:00Z,-0.687,10.773,-2.22,2.128,22.558,29.809,-1.212,-4.625,12.163,15.919,14.078,-0.814,11.28,-1.651,16.416,25.602,-3.574,21.056,-7.495,-4.065,-3.445,2.969,9.84,9.671,13.765,25.938,28.981,-0.122
1988-07-27T06:00:00Z,-4.956,7.41,11.771,6.633,9.973,19.591,-0.588,23.275,4.611,19.255,2.774,-4.603,13.178,10.682,5.399,19.934,19.874,21.438,28.94,29.729,8.755,-3.078,26.828,-3.07,5.997,-8.839,19.792,23.708
1988-11-01T13:00:00Z,-4.075,15.106,7.464,24.032,-9.585,29.468,9.937,-3.485,-5.669,23.061,9.301,26.033,13.056,-7.899,24.041,11.146,19.759,20.34,-4.324,-2.061,12.588,8.852,28.317,12.237,14.721,-7.001,-1.622,9.594
1988-02-12T07:00:00Z,14.978,1.562,-5.636,22.802,28.412,18.299,4.405,-5.482,-9.485,22.709,18.425,20.262,4.455,0.14,4.018,19.956,14.588,-0.148,29.895,-0.091,0.942,28.46,-8.221,-5.718,21.522,29.488,2.331,-4.767
1988-03-11T04:00:00Z,21.864,27.063,17.905,10.398,1.115,20.766,4.08,6.851,9.601,0.158,20.897,11.565,5.921,-9.635,18.484,6.619,11.905,16.709,12.988,-7.427,-9.275,4.94,16.981,0.837,-5.152,-5.954,15.193,10.937
1989-06-01T18:00:00Z,15.345,27.738,-5.977,17.05,17.272,19.836,17.618,-3.809,19.761,26.973,-4.643,28.64,-6.111,-6.41,4.55,7.378,18.432,-1.981,11.419,14.003,3.26,9.607,-3.353,0.158,-9.67,29.711,24.884,29.312
1989-05-20T01:00:00Z,10.937,-2.023,3.987,14.659,28.791,1.753,9.42,-3.435,-7.32,28.547,1.758,15.142,-7.95,29.598,0.988,2.346,3.159,11.193,-8.962,21.79,1.477,11.844,-3.962,7.498,4.077,4.864,11.189,3.45
1989-09-05T10:00:00Z,5.658,3.819,13.629,25.087,-0.84,-9.39,22.249,11.069,11.941,0.141,1.515,9.74,6.885,7.858,22.002,6.064,5.39,-3.105,26.453,0.743,-6.563,6.502,-3.791,14.092,-9.253,9.68,20.323,12.995
1989-07-18T10:00:00Z,21.52,-7.737,22.745,-3.849,15.487,9.842,7.694,-7.703,-0.33,3.156,3.512,9.337,15.049,8.801,5.353,13.421,6.96,13.579,5.897,6.992,19.558,25.206,15.598,27.172,20.54,20.583,-4.927,-9.051
1989-05-05T00:00:00Z,-3.444,-3.603,22.433,22.269,7.06,-3.659,-1.339,13.259,27.595,24.983,-1.316,-3.103,14.788,-3.871,3.015,28.904,4.461,14.392,26.194,27.153,21.563,14.611,16.823,26.339,4.022,-3.566,-2.046,3.763
1989-05-24T23:00:00Z,25.399,29.114,5.936,25.301,27.566,-9.358,8.552,8.729,-2.062,17.672,27.039,-1.819,17.904,-6.254,11.137,9.949,16.76,10.867,11.191,15.335,-8.76,-1.739,22.159,8.102,8.439,29.405,6.06,14.984
1989-04-12T07:00:00Z,9.905,-8.83,28.98,17.711,7.128,10.657,26.956,-2.421,-8.366,13.358,23.239,8.941,-4.379,11.28,1.943,12.353,-6.956,9.364,20.19,13.009,27.364,6.726,-1.485,25.108,2.093,4.157,-0.134,25.717
1989-05-06T09:00:00Z,15.944,-1.782,16.677,-5.234,28.343,29.008,1.915,-4.183,6.639,-9.994,7.449,16.358,-9.117,19.526,27.251,7.155,-9.023,26.501,-3.527,-2.052,-2.488,-7.474,-4.225,-5.294,21.727,16.566,23.767,2.419
1989-11-03T16:00:00Z,13.114,17.35,13.597,11.398,-1.113,10.806,29.293,9.857,4.853,5.722,3.629,21.372,5.27,10.041,7.503,16.703,10.914,6.731,25.196,5.839,9.208,12.83,13.776,-0.18,-6.05,16.187,13.872,1.02
1989-05-17T02:00:00Z,12.008,11.171,-0.772,-5.649,3.966,25.271,11.508,21.042,26.539,9.037,11.44,29.316,6.273,24.987,18.342,17.121,27.799,5.764,2.643,15.265,17.498,17.552,9.754,23.224,10.768,20.245,-9.134,-7.167
1990-08-14T03:00:00Z,6.484,8.448,-1.683,-3.651,-6.455,15.474,15.041,8.06,7.568,22.458,16.672,24.253,18.655,-3.321,21.016,14.841,17.395,-2.363,28.503,24.973,-5.46,19.891,-7.518,24.109,21.56,10.071,14.184,27.799
1990-04-16T00:00:00Z,24.541,-0.748,25.788,-0.06,12.432,28.173,21.535,10.173,12.668,29.43,26.01,-9.146,5.242,0.831,23.031,11.248,14.393,19.769,4.059,-3.352,1.036,10.322,13.508,-3.235,7.679,1.06,25.795,-7.793
1990-11-27T22:00:00Z,29.439,-9.03,1.075,14.175,7.951,-5.033,10.603,-3.743,18.566,4.522,-5.464,-3.596,-2.127,-9.805,6.951,0.237,15.259,26.096,-0.117,20.929,-9.227,-2.724,-3.266,26.129,-7.5,-1.225,26.18,-4.723
1990-10-02T20:00:00Z,5.85,13.132,-8.324,9.229,2.342,-1.111,24.125,9.903,23.181,17.345,24.18,-0.547,13.841,29.287,10.75,22.509,23.496,-4.12,13.921,7.674,10.309,-4.128,-7.027,6.896,25.843,0.56,6.543,19.257
1990-03-03T04:00:00Z,-2.338,-9.788,17.191,25.246,-5.329,9.51,27.898,11.793,-5.348,3.723,1.532,-1.881,7.217,0.915,-2.924,14.653,15.596,-0.554,-0.173,-1.183,14.584,21.623,15.481,23.094,21.276,-4.022,-0.651,-6.264
1990-10-05T03:00:00Z,24.437,24.094,1.971,15.039,4.862,-2.159,21.404,14.619,17.462,19.292,18.074,11.474,9.542,-8.24,26.279,23.488,-8.554,-0.399,-8.705,2.6,15.442,22.092,16.97,-6.75,21.211,18.791,13.508,6.03
1990-08-14T14:00:00Z,26.863,24.504,15.96,12.706,-9.072,0.227,6.628,12.378,11.743,3.447,-3.802,9.451,17.817,18.323,-3.159,13.303,2.997,-7.647,23.958,13.035,21.408,12.641,17.795,-2.023,20.199,26.361,-3.545,5.381
1990-10-06T16:00:00Z,5.356,23.285,-4.296,14.178,-3.042,28.991,17.875,8.52,-7.703,7.54,-9.018,6.728,24.105,29.774,22.773,8.872,6.891,9.919,-3.003,22.838,24.123,19.042,3.951,20.939,0.889,6.067,0.304,24.709
1990-07-28T23:00:00Z,28.337,20.158,0.632,12.009,-5.752,2.032,-5.938,25.906,-9.953,11.847,3.982,26.053,7.126,15.036,-6.274,14.948,25.306,20.521,-1.576,-7.925,-6.104,7.706,-1.72,29.296,-6.618,12.051,29.868,15.598
1990-12-27T16:00:00Z,29.573,-2.204,9.462,21.201,5.294,11.444,3.84,11.393,16.088,11.336,-8.231,-3.06,-9.13,27.792,-8.391,16.53,8.886,-4.896,17.907,23.784,24.839,23.976,4.94,-6.96,3.497,26.472,21.418,21.421
1991-09-02T20:00:00Z,27.869,8.197,-1.577,9.698,28.009,29.175,8.53,14.092,15.685,-6.769,29.865,12.159,-8.76,0.411,-5.903,-2.826,24.943,6.226,29.071,8.096,19.069,4.702,22.182,9.626,-3.858,10.024,-6.087,24.221
1991-09-14T13:00:00Z,8.721,-7.658,-5.365,21.404,8.355,3.855,13.022,9.452,2.578,26.618,-5.938,20.688,16.32,15.35,0.205,26.984,2.456,8.366,2.54,26.834,-0.112,-2.13,8.907,17.827,-8.47,10.43,17.76,-0.738
1991-10-13T06:00:00Z,-7.959,8.361,13.549,23.643,21.617,-7.529,-0.88,-3.227,8.173,20.216,13.739,2.578,17.314,-4.322,-5.858,21.778,15.352,28.294,29.9,5.609,24.676,26.082,24.074,19.901,7.434,27.496,-4.205,16.321
1991-09-13T15:00:00Z,28.91,22.361,17.32,29.147,-6.687,-8.1,6.407,-9.264,-7.802,15.423,16.45,8.189,15.689,11.135,5.633,9.924,-6.135,-6.815,7.382,-4.028,26.762,5.18,6.826,8.206,21.874,24.006,15.521,21.471
1991-12-05T15:00:00Z,21.945,3.05,7.035,19.627,10.581,9.069,-0.334,11.222,16.179,-7.44,-8.591,9.46,20.42,-6.063,24.855,27.245,-1.834,13.686,18.229,-0.25,9.214,20.218,29.166,11.391,19.881,28.444,-4.54,-3.936
1991-02-18T10:00:00Z,-6.934,15.722,22.248,11.732,19.583,13.748,22.231,12.867,28.23,29.592,9.147,26.88,6.773,-0.01,5.603,7.279,29.164,4.944,7.63,2.728,5.488,18.544,-8.845,27.399,29.214,1.911,14.298,2.852
1991-08-14T01:00:00Z,21.238,18.626,6.299,-7.912,2.444,20.947,14.824,2.707,20.74,-2.803,8.616,8.411,14.318,18.74,-2.263,21.785,26.622,14.022,-5.98,10.666,21.326,20.233,12.629,-4.52,16.289,27.005,-5.535,2.101
1991-01-21T23:00:00Z,3.494,-2.817,-7.463,-9.192,17.97,9.044,11.356,21.368,10.033,7.992,27.848,24.234,10.67,-3.772,5.885,0.338,7.324,26.482,5.244,10.097,2.215,-9.432,19.282,-7.742,25.888,15.308,-3.31,5.39
1991-06-09T12:00:00Z,12.132,12.339,-0.845,6.458,25.007,12.925,27.334,4.774,-0.024,13.219,25.19,27.518,10.502,20.016,-9.581,2.441,3.666,1.388,7.23,28.531,16.995,-6.046,6.18,1.827,-4.678,7.29,-6.678,-2.492
1991-03-31T11:00:00Z,24.955,3.29,12.054,2.173,-6.774,12.987,18.313,2.177,21.253,22.612,-1.145,23.51,6.993,6.838,17.804,4.326,-1.032,10.687,6.086,18.017,-7.876,22.042,-0.831,29.333,6.859,-1.048,13.748,27.804
1992-01-23T21:00:00Z,-2.157,13.544,-8.596,23.029,-5.159,12.288,0.111,-8.01,26.452,21.607,8.627,3.318,5.847,29.026,21.309,-9.234,12.805,16.054,-6.445,-5.033,-3.643,24.857,-7.857,22.662,17.137,1.371,9.459,12.354
1992-03-01T10:00:00Z,-6.14,8.188,-3.368,13.37,21.622,-1.695,17.198,0.371,-8.51,8.692,-6.106,-6.312,-3.358,9.087,23.717,16.708,22.142,-6.249,25.592,-7.182,14.227,-4.529,-2.957,7.5,26.34,22.83,0.613,22.573
1992-11-28T05:00:00Z,29.712,-5.113,-5.408,-9.431,21.559,29.185,-0.077,19.313,15.876,25.241,-0.735,-8.576,14.156,11.516,11.911,11.455,21.015,2.138,14.315,-7.466,19.847,6.238,5.632,-1.434,8.895,19.637,21.877,25.299
1992-07-05T10:00:00Z,9.34,29.883,10.624,20.124,22.523,26.74,12.216,22.583,7.545,21.932,6.289,23.286,5.412,-8.687,-4.717,6.483,19.213,2.411,19.245,29.586,25.673,4.753,0.29,21.362,5.871,24.244,-3.295,-1.786
1992-01-31T08:00:00Z,8.6,21.003,-6.465,28.7,-9.1,28.201,9.326,0.944,26.436,12.999,-4.056,-8.254,29.68,11.689,17.209,0.297,18.181,-2.089,23.936,11.525,19.741,-6.483,12.111,-5.066,6.8,4.598,11.136,-4.55
1992-07-27T02:00:00Z,22.296,15.622,22.947,18.016,12.299,12.289,24.509,7.013,9.069,22.066,24.636,28.202,7.793,20.781,10.023,-7.659,-6.884,2.734,-2.67,26.169,6.746,7.123,7.253,-4.154,0.918,13.572,24.928,13.53
1992-12-11T00:00:00Z,25.837,-6.256,22.891,19.441,4.992,-8.406,-1.262,-5.863,-8.138,-4.534,-9.43,4.243,19.505,-6.123,26.072,4.072,22.252,-7.893,15.11,22.288,1.224,-8.697,25.826,6.256,-8.442,5.171,6.542,-3.433
1992-12-06T13:00:00Z,19.777,-4.751,17.959,9.937,18.406,19.996,4.84,-1.252,17.738,-1.519,7.304,2.902,12.281,-6.394,-9.623,4.218,5.296,-0.244,7.397,28.808,-9.329,8.898,-7.005,14.198,-1.868,-2.737,-1.822,10.476
1992-03-09T23:00:00Z,18.297,25.83,16.712,21.755,-7.796,14.17,26.549,11.611,20.205,27.296,-4.49,-5.925,29.226,14.416,-9.413,10.399,14.085,27.156,20.541,15.789,-7.268,14.247,21.172,24.808,5.776,5.22,16.899,10.61
1992-05-12T22:00:00Z,-4.134,22.249,-4.182,3.648,-7.535,-6.851,27.443,-6.307,21.478,26.869,1.23,-7.267,27.942,-4.765,20.54,4.066,-4.102,23.173,-4.832,0.488,-8.21,17.731,1.635,4.323,16.077,17.051,12.189,26.978
1993-03-25T05:00:00Z,9.274,27.737,16.731,5.99,4.054,23.719,23.91,17.269,-1.727,29.167,6.049,-2.388,-8.405,21.337,25.058,21.287,26.633,-1.128,-7.595,7.999,-3.897,17.675,11.959,29.145,-5.756,-3.498,-3.043,9.228
1993-03-27T12:00:00Z,9.48,15.56,13.934,-8.077,23.167,3.646,-1.326,22.523,-5.857,12.206,16.258,15.754,13.446,10.934,8.849,18.56,15.684,5.885,14.513,3.418,14.427,11.225,-8.258,27.991,22.853,19.959,8.665,-6.582
1993-05-26T00:00:00Z,26.851,-1.313,7.107,-5.583,0.468,-0.551,21.108,5.45,15.36,18.274,20.558,23.833,5.39,4.594,5.416,19.969,-4.881,-2.603,23.737,24.98,4.533,27.843,18.772,22.194,29.266,-2.218,25.646,27.274
1993-10-21T17:00:00Z,27.915,2.88,14.227,22.703,2.542,5.214,8.472,25.495,19.118,25.793,24.205,9.992,-1.223,13.775,24.607,19.02,19.223,15.615,23.074,24.402,6.33,-9.998,-5.146,-9.222,17.231,21.996,19.061,14.46
1993-09-27T15:00:00Z,11.069,-0.293,-8.586,26.638,-2.773,12.817,29.78,2.653,0.71,24.132,-7.204,8.689,-6.601,5.631,28.084,-8.764,14.002,11.688,1.455,11.803,15.978,19.187,6.267,27.056,-6.662,16.937,11.576,6.487
1993-08-27T07:00:00Z,11.387,4.911,17.78,21.5,27.299,21.076,-4.243,8.432,-8.997,10.96,0.874,6.556,17.229,17.799,18.729,27.215,13.177,-2.586,26.103,24.363,-3.284,2.614,24.254,7.787,24.623,15.082,23.597,29.264
1993-05-16T18:00:00Z,6.93,28.487,0.736,-2.024,16.269,27.078,-4.934,11.294,17.13,27.448,-5.61,-1.615,-6.636,3.623,-7.997,12.989,3.238,0.888,25.975,6.445,17.938,-5.932,6.407,9.349,21.628,-8.887,-6.895,19.163
1993-03-30T06:00:00Z,27.917,13.125,18.588,24.693,23.047,-2.849,9.825,5.427,22.383,25.628,17.46,4.713,6.863,25.294,24.382,-1.633,4.98,25.447,22.402,21.415,9.271,21.514,-0.409,22.826,-1.199,24.081,-6.778,26.966
1993-11-19T11:00:00Z,11.425,0.451,-1.946,11.268,27.718,22.156,29.902,13.112,19.351,-7.308,-3.266,-3.735,-3.951,5.426,13.04,28.348,2.916,0.369,10.451,14.029,13.995,22.078,20.625,14.101,-9.457,17.79,16.112,10.494
1993-11-16T09:00:00Z,23.307,19.093,13.08,27.852,9.04,17.698,-3.237,-7.647,22.557,-4.13,16.975,-0.889,11.928,6.097,19.274,10.312,-2.032,12.43,10.516,23.651,29.536,19.943,7.206,14.517,27.172,19.703,20.704,17.872
1994-01-14T23:00:00Z,-5.437,16.254,6.403,-4.825,10.603,-2.497,9.695,13.156,7.259,23.152,-1.374,27.777,23.368,20.182,7.956,23.947,5.058,5.978,4.795,22.182,6.642,15.6,28.685,-4.236,1.169,11.886,-3.658,19.093
1994-10-12T05:00:00Z,-2.447,8.937,10.56,14.015,8.086,-7.787,2.208,1.603,5.112,20.737,21.665,17.797,-5.988,24.917,19.315,9.156,23.271,15.588,8.85,22.923,4.63,8.488,1.437,8.123,4.699,-0.147,1.736,13.296
1994-06-21T18:00:00Z,8.23,1.755,13.171,26.319,10.22,21.961,11.891,2.35,-5.306,25.297,18.529,0.387,5.503,13.938,6.547,2.591,5.034,-4.612,5.565,29.11,29.936,26.409,22.578,3.164,3.071,13.732,-4.458,7.1
1994-10-23T09:00:00Z,14.31,22.324,-6.264,21.963,24.496,17.636,14.065,26.393,-2.668,27.814,22.349,0.362,21.12,18.883,-7.147,22.28,13.711,-2.308,16.319,25.41,-1.523,-3.012,3.926,11.825,-7.369,7.253,3.356,12.717
1994-10-17T11:00:00Z,6.656,27.628,-0.914,22.492,-5.798,18.746,18.577,0.32,29.356,-4.03,1.274,-0.165,5.291,3.023,-2.858,4.273,18.54,26.135,25.51,21.964,16.824,23.925,13.327,-8.783,27.183,11.896,-5.891,24.56
1994-04-21T07:00:00Z,-5.934,14.461,17.4,12.524,21.714,2.301,6.116,13.047,-1.323,-2.812,3.715,-5.907,-3.216,10.053,10.161,28.544,15.904,1.087,19.498,-5.303,7.688,17.587,8.471,25.725,-6.084,4.201,2.559,-4.283
1994-10-17T02:00:00Z,20.493,6.445,1.717,14.269,23.07,7.743,13.059,11.43,14.841,10.354,12.787,-3.298,4.392,17.872,27.372,-0.355,22.581,-8.044,17.772,25.528,1.24,5.771,-0.832,9.362,3.353,-2.735,2.544,20.954
1994-09-18T10:00:00Z,18.422,26.352,13.11,27.072,14.321,-1.747,15.384,-3.923,0.392,14.16,6.53,-8.783,6.731,20.598,2.069,2.239,16.359,9.999,-2.857,1.133,-2.47,16.616,20.61,28.007,-2.637,7.153,-7.644,0.151
1994-01-30T11:00:00Z,21.119,12.253,7.429,10.215,-0.877,14.19,6.499,-3.888,11.412,-7.188,6.033,1.307,10.548,-6.65,3.7,5.883,5.765,27.043,1.672,29.911,28.776,20.626,15.197,-9.291,8.976,25.143,23.47,6.668
1994-12-30T12:00:00Z,6.972,3.535,21.172,19.664,28.751,-7.307,27.715,4.516,13.818,23.408,8.285,22.759,-1.627,-3.275,6.537,-7.146,-0.426,18.671,22.961,3.832,14.808,19.617,29.802,3.63,-7.654,-1.881,28.494,6.079
1995-05-06T05:00:00Z,29.505,-1.313,23.965,16.806,21.601,7.518,21.783,8.193,19.738,5.36,26.234,2.733,-9.746,8.746,16.928,15.217,0.962,5.188,9.091,2.034,10.15,26.456,10.293,10.595,-1.102,17.055,23.73,20.926
1995-11-03T20:00:00Z,-4.813,-4.928,12.962,6.272,22.629,4.045,25.542,26.206,2.537,-1.561,17.602,-4.512,-3.202,2.708,11.118,-5.899,24.524,19.712,-4.628,-3.288,6.57,11.51,-0.717,18.377,12.133,6.574,27.212,-4.142
1995-08-21T15:00:00Z,23.292,-6.366,21.408,16.384,0.804,2.813,-0.871,25.449,27.864,18.748,0.319,16.858,18.948,-0.806,7.734,9.214,-4.463,18.399,14.46,-6.503,28.938,17.64,-3.352,27.191,4.787,-6.044,20.824,-9.202
1995-06-28T17:00:00Z,18.702,5.702,7.687,17.422,-5.843,24.407,16.602,14.189,3.633,-8.12,26.789,13.323,11.951,12.195,6.142,3.239,9.119,17.315,-0.624,15.732,14.673,-1.566,-1.104,9.207,27.424,-1.131,-4.146,11.373
1995-06-29T08:00:00Z,28.21,1.044,-1.434,11.379,-4.585,16.587,21.758,-5.297,4.778,16.371,16.113,26.619,6.777,11.605,-5.98,9.433,0.221,8.98,21.186,6.502,25.538,-7.683,26.552,22.286,-5.188,22.156,18.224,11.592
1995-08-27T18:00:00Z,7.213,25.859,19.382,13.146,5.677,7.353,-5.006,6.189,14.83,28.666,19.675,15.542,1.931,-0.392,9.359,0.743,18.223,-3.771,0.334,21.968,-6.276,22.44,13.878,12.663,5.831,-1.997,18.782,3.311
1995-04-01T21:00:00Z,15.987,-9.081,-4.573,23.145,21.858,-5.966,-7.616,-4.754,21.039,1.273,-4.195,27.765,29.388,29.886,8.716,7.602,-8.816,-0.31,-1.781,4.47,-6.58,-8.96,8.046,16.816,16.142,8.645,28.567,9.63
1995-03-30T19:00:00Z,14.556,19.882,-9.853,5.65,23.685,2.053,5.559,5.588,0.086,13.43,8.735,13.891,22.986,25.353,27.511,24.376,28.349,-7.621,2.728,23.08,19.755,8.088,11.429,-5.491,-4.698,-4.218,-1.399,-8.951
1995-11-09T12:00:00Z,16.971,-8.276,7.356,23.97,-6.384,28.746,14.541,-5.458,16.361,-5.722,12.573,12.701,16.014,-8.42,2.618,-3.072,29.106,-7.229,-0.041,15.281,1.745,13.688,23.194,3.027,9.893,0.074,27.225,7.698
1995-04-25T05:00:00Z,-2.128,20.341,1.048,11.027,22.434,21.208,27.451,13.789,9.565,14.495,-2.767,7.07,-4.941,25.162,21.159,18.745,14.25,8.952,0.821,13.928,4.408,14.396,25.688,27.024,9.137,16.092,20.989,16.395
1996-05-03T06:00:00Z,14.318,8.104,27.175,-9.902,3.974,14.929,29.045,21.04,10.065,21.454,-7.473,21.936,23.22,0.578,10.442,-6.048,8.979,9.316,15.407,25.809,26.521,-7.135,-7.177,14.407,27.977,6.857,-3.75,14.398
1996-06-30T06:00:00Z,10.603,0.07,27.811,3.686,27.126,5.254,-9.423,21.566,23.023,0.737,9.467,7.486,4.367,6.701,6.788,4.12,12.053,-8.254,0.688,-3.503,3.625,-8.503,11.496,-3.423,0.138,-8.807,-1.586,-5.599
1996-08-20T21:00:00Z,-6.185,14.969,22.127,19.729,-0.532,22.314,5.794,9.529,27.398,-0.673,10.356,20.281,27.289,-6.936,26.661,-1.54,21.539,21.555,23.306,15.802,12.435,2.204,-7.47,1.262,-6.043,19.597,1.281,18.7
1996-05-09T09:00:00Z,5.945,28.124,-5.434,4.698,3.191,7.882,20.39,14.864,10.626,18.201,28.086,-7.89,15.436,26.017,2.536,9.924,28.512,2.031,21.023,-2.424,1.303,22.551,24.789,20.249,22.696,-7.986,-9.323,-5.143
1996-04-23T20:00:00Z,0.752,7.232,24.245,19.209,16.963,28.716,8.124,18.264,17.036,27.814,5.896,-7.885,15.434,25.29,-7.429,26.654,25.445,11.066,25.315,10.167,4.028,13.007,28.221,20.585,27.675,26.068,22.321,15.719
1996-06-23T06:00:00Z,15.211,-8.747,28.695,10.299,10.74,27.687,26.507,25.032,14.406,20.584,-7.599,13.938,0.897,2.543,27.737,8.562,15.052,3.069,12.42,15.249,14.896,23.204,-8.457,23.579,11.544,12.216,21.141,8.742
1996-05-15T05:00:00Z,16.908,4.201,4.51,-7.984,-1.252,2.611,14.231,5.516,20.094,-8.187,-1.793,15.766,4.723,26.893,26.551,-3.32,-3.875,-9.413,26.057,2.906,2.076,8.303,-8.599,-3.853,-4.2,-5.255,15.083,11.634
1996-11-20T08:00:00Z,-5.543,4.698,4.65,22.346,-4.612,12.16,20.772,-7.263,19.781,-7.985,27.495,14.457,-4.697,23.216,5.417,-5.09,-5.648,8.473,-5.832,10.974,-9.108,19.633,20.627,29.524,5.877,7.36,2.591,2.328
1996-05-18T16:00:00Z,3.085,-4.113,4.438,9.335,6.665,-7.691,12.601,0.921,2.699,17.709,-5.915,5.893,-6.092,8.424,26.453,21.319,10.389,5.524,8.521,-2.613,24.714,2.731,5.417,10.633,12.142,-5.434,7.61,0.881
1996-05-04T12:00:00Z,15.267,19.421,21.82,2.45,17.521,-3.987,29.223,1.869,20.816,2.879,16.684,7.012,23.89,-2.06,-9.507,18.059,-7.194,-0.234,-4.744,0.413,27.071,12.521,26.816,-6.954,22.901,1.845,-7.167,27.769
1997-01-11T18:00:00Z,19.815,4.571,18.489,9.75,13.078,23.71,18.391,25.18,-2.429,14.993,6.565,0.717,-5.974,22.299,5.841,17.494,-0.0,28.116,19.992,-6.409,27.405,23.808,-5.841,18.125,29.08,0.282,9.407,10.067
1997-05-16T19:00:00Z,3.785,2.757,25.014,18.782,13.513,12.995,14.86,26.412,25.876,-6.973,29.652,-2.758,29.991,8.009,10.915,8.812,-0.2,13.453,18.744,28.435,24.217,12.95,20.845,4.444,28.176,4.457,10.205,21.91
1997-06-01T16:00:00Z,1.38,16.363,4.312,27.947,-2.216,-6.727,5.425,2.077,1.367,0.642,22.499,17.858,4.002,11.475,25.749,8.602,-0.286,8.891,14.424,24.983,21.723,12.011,26.919,0.989,11.795,6.788,28.744,15.564
1997-03-23T10:00:00Z,5.425,25.097,2.538,-3.544,10.264,9.329,22.142,-7.009,15.888,24.726,4.436,-8.264,8.462,13.796,-9.74,11.783,-8.379,4.22,28.373,-4.693,-9.982,3.547,-9.181,12.648,20.618,-0.947,27.328,-3.623
1997-07-29T22:00:00Z,15.305,21.011,18.883,17.327,-0.927,-2.256,0.125,3.556,-1.037,10.379,-9.345,8.885,27.514,-0.97,-9.365,-3.123,10.983,20.803,-3.876,1.223,28.265,25.766,11.647,6.772,4.322,-4.888,9.314,-9.049
1997-02-27T16:00:00Z,-2.556,-0.581,14.05,-8.15,24.426,13.019,20.745,-1.772,15.375,12.871,10.195,6.202,4.652,12.561,8.617,29.5,12.516,11.258,5.002,2.281,23.893,12.786,29.791,2.331,-9.485,20.576,21.593,14.906
1997-06-10T03:00:00Z,14.255,20.463,4.298,14.149,-8.895,5.987,27.624,14.636,0.619,-7.397,7.471,7.203,18.51,8.202,23.606,27.636,8.073,12.596,-1.581,8.195,-7.397,29.545,25.273,3.732,16.968,29.406,8.026,25.728
1997-09-21T13:00:00Z,24.767,19.759,11.754,9.959,14.668,-1.022,17.822,-3.475,-7.118,11.137,13.315,26.491,23.209,-0.785,-2.166,3.316,29.513,21.113,-1.193,1.599,26.21,17.793,4.449,17.146,17.624,24.75,6.363,7.449
1997-11-16T16:00:00Z,4.398,29.056,11.134,22.803,26.907,-8.666,17.587,22.416,-9.463,-3.793,10.239,2.868,18.033,-9.853,0.443,24.117,23.588,-1.657,16.043,1.454,10.441,5.291,23.125,-2.438,1.051,12.185,17.205,5.945
1997-02-02T10:00:00Z,11.505,23.28,-5.146,-8.551,-0.917,28.692,27.728,16.877,0.531,9.98,29.816,9.09,26.308,-6.556,12.267,1.224,7.991,24.06,9.444,6.75,29.626,18.681,8.798,3.624,10.287,19.411,17.36,9.514
1998-03-28T15:00:00Z,11.623,1.452,2.283,6.878,22.443,20.616,-5.272,-6.053,-6.903,23.439,-7.366,-5.734,11.088,21.92,28.862,13.172,-0.252,18.9,1.678,-5.226,9.133,18.208,-8.202,16.487,-3.287,27.903,12.464,17.905
1998-12-20T22:00:00Z,9.377,27.005,-8.112,4.776,-8.413,-4.831,26.87,3.441,-5.746,6.159,24.729,23.514,14.095,-5.763,27.774,-1.17,-4.846,2.3,-0.133,-5.493,10.097,3.001,4.14,-9.967,14.318,17.425,11.842,3.272
1998-03-24T22:00:00Z,19.024,-6.949,11.98,-1.711,19.452,-8.078,28.109,26.066,3.193,6.354,12.66,26.488,15.756,24.218,-7.732,11.337,22.652,2.124,10.721,6.408,-5.586,-7.538,22.011,24.076,28.451,29.84,2.447,-2.948
1998-04-04T01:00:00Z,29.8,21.013,-8.877,-9.083,15.622,7.155,24.085,2.516,18.141,-6.513,26.658,3.642,13.786,13.238,16.673,12.876,14.541,15.296,7.117,23.537,-7.865,3.0,-5.213,26.326,5.984,25.814,16.611,13.844
1998-08-19T09:00:00Z,0.598,4.758,-0.682,3.148,0.016,22.907,12.858,3.472,-9.534,-1.615,7.228,4.367,14.11,16.529,15.566,20.832,18.789,20.721,12.205,29.32,25.476,7.82,-8.226,-3.11,6.77,22.578,10.188,-3.541
1998-01-13T10:00:00Z,-2.27,-2.262,26.135,-2.644,3.711,2.671,8.64,-6.624,15.219,29.51,22.152,11.89,17.391,7.278,22.866,20.433,12.926,-4.927,7.621,29.76,26.151,-6.309,15.447,29.036,-5.474,18.454,20.105,5.047
1998-08-10T08:00:00Z,11.236,-4.404,4.988,-3.037,29.996,15.553,-5.195,2.23,12.425,0.764,22.954,0.252,9.735,12.735,19.978,-0.709,12.479,3.912,8.112,-7.41,7.417,20.932,20.325,26.763,6.701,19.637,-4.616,22.815
1998-02-27T01:00:00Z,21.985,19.097,12.614,19.218,10.174,16.54,27.66,25.8,25.273,28.772,22.428,0.635,20.695,-0.97,17.899,1.581,2.025,27.064,18.29,-1.446,25.966,24.693,26.297,7.219,14.693,16.359,-3.8,10.216
1998-05-07T20:00:00Z,10.998,29.125,26.488,23.626,7.857,-8.857,27.268,21.88,18.068,13.929,22.902,-2.909,27.236,-3.488,13.684,24.183,13.192,21.64,8.143,-0.249,8.0,27.64,9.834,29.464,9.096,10.549,1.074,-0.801
1998-03-26T04:00:00Z,4.088,26.653,-3.173,17.353,-4.711,20.008,-5.139,17.338,26.232,-6.887,-1.331,3.634,23.734,9.816,-9.597,22.553,2.505,-7.429,6.533,-0.272,-5.711,-9.213,9.141,23.702,-4.203,-3.052,22.12,3.495
1999-01-06T22:00:00Z,0.514,9.833,29.089,-3.401,10.035,26.736,-8.888,3.369,6.073,15.226,26.502,19.376,8.794,22.363,26.887,5.496,4.484,22.119,23.101,12.821,-4.028,20.954,-5.447,26.157,23.127,-0.452,27.908,11.65
1999-10-07T14:00:00Z,27.182,-5.935,9.453,12.913,22.636,27.832,-4.22,26.671,6.732,-0.628,6.221,-3.153,9.954,-4.738,13.261,-4.356,-7.274,19.043,20.962,19.856,18.354,0.422,13.285,22.0,5.743,0.971,-3.502,12.838
1999-12-15T21:00:00Z,21.109,-0.891,4.367,14.877,8.52,10.069,12.132,-7.206,17.459,-8.703,17.367,3.236,19.282,21.796,1.727,23.168,17.993,14.283,6.972,24.703,20.859,21.459,21.747,-9.022,3.56,11.357,-5.963,5.521
1999-09-14T18:00:00Z,25.396,7.676,5.197,4.979,25.467,15.076,0.132,1.765,11.032,-4.958,9.08,-9.721,27.271,-4.228,24.163,-5.229,10.202,-7.672,-0.669,-6.71,17.313,8.149,26.538,21.748,-2.23,9.925,23.588,15.827
1999-03-11T10:00:00Z,29.814,8.091,-0.185,25.396,22.714,-4.601,24.72,23.277,6.081,13.413,-0.78,-2.016,-0.218,13.044,2.639,29.157,19.764,7.886,-1.043,0.271,-0.869,20.022,10.786,22.514,9.411,22.626,5.208,21.547
1999-04-02T11:00:00Z,6.889,22.448,21.931,21.861,26.083,7.796,17.802,28.712,15.482,22.002,14.796,20.473,-0.741,26.099,27.331,-4.886,-2.287,-6.379,23.436,29.29,23.781,-9.458,5.13,-6.503,5.09,23.933,-3.98,10.833
1999-06-10T05:00:00Z,-8.071,12.924,26.441,27.732,25.891,-1.565,18.081,-2.476,22.79,-5.094,11.936,29.566,24.431,-1.118,2.556,16.458,-0.862,-7.047,8.086,14.573,2.819,-6.383,11.103,4.579,27.349,8.077,6.523,-4.344
1999-03-27T22:00:00Z,-4.763,9.08,13.305,18.108,17.191,17.677,9.699,-4.964,8.766,29.968,26.14,19.754,21.928,-9.717,-2.025,-9.49,29.305,-2.499,11.763,-8.242,1.313,12.747,-1.229,1.145,1.363,28.584,28.542,-0.017
1999-12-19T22:00:00Z,7.449,18.773,26.55,18.547,21.689,12.512,-7.08,10.26,7.619,-0.156,13.487,11.102,16.598,0.634,2.86,5.963,25.176,29.7,27.769,20.771,16.336,22.364,0.044,25.426,22.642,4.825,28.492,-6.499
1999-05-03T09:00:00Z,7.484,17.272,28.602,10.604,6.777,25.184,-9.031,11.296,5.198,-2.931,26.714,9.878,20.466,-5.532,15.677,29.628,13.524,28.645,24.215,11.304,17.796,-3.196,-6.293,7.009,-9.414,3.937,6.775,-4.856
2000-03-22T15:00:00Z,-5.713,3.631,14.261,4.365,4.735,6.231,20.246,14.225,25.916,1.778,28.565,13.675,23.53,11.524,0.947,22.243,3.677,25.88,5.262,17.968,-3.215,-3.024,15.761,23.031,4.874,17.7,9.101,-3.964
2000-04-21T22:00:00Z,-5.184,18.201,23.632,-5.739,15.649,6.456,0.878,-6.26,17.823,7.688,9.531,25.582,28.824,17.739,15.506,3.468,-0.498,13.562,5.601,26.245,14.923,-1.819,14.363,25.778,10.179,11.086,29.474,7.778
2000-07-02T01:00:00Z,19.823,-3.916,-1.528,-0.919,7.406,-2.999,13.275,18.458,-1.915,4.033,0.171,-9.14,9.581,25.01,11.436,-1.112,9.261,13.528,6.211,22.754,19.452,5.468,12.951,12.404,12.837,8.238,24.47,18.134
2000-12-06T21:00:00Z,-8.361,6.282,26.277,27.957,-1.285,-1.511,10.106,15.276,9.101,-4.494,21.192,20.78,6.09,13.611,-9.639,15.994,25.486,1.113,-3.91,26.249,11.01,-1.33,2.936,0.441,-5.135,7.893,8.487,19.017
2000-06-04T22:00:00Z,-9.499,11.315,25.132,8.004,3.172,25.353,18.651,13.787,2.94,-6.289,-1.88,25.121,25.139,24.346,9.886,27.16,10.388,-6.636,14.578,-0.491,3.136,10.808,11.892,27.981,8.184,26.468,-6.959,10.856
2000-10-19T09:00:00Z,-8.725,18.562,4.802,26.158,27.569,19.556,22.683,4.434,-4.717,4.409,-7.255,-3.727,12.97,20.401,-7.422,-0.581,-7.84,17.549,21.971,7.858,0.955,-8.614,3.732,3.183,-8.934,16.721,-6.694,10.617
2000-08-26T16:00:00Z,-6.175,-2.276,13.172,20.647,4.537,25.293,13.378,19.213,6.817,-9.526,-6.254,7.332,20.687,13.714,11.293,7.713,24.565,28.347,26.874,12.761,19.96,14.096,-8.151,19.825,-4.816,-9.567,-3.709,13.827
2000-08-01T07:00:00Z,13.023,25.492,24.142,8.802,15.324,27.545,15.197,3.304,-0.78,9.86,-7.634,19.856,-4.47,-0.8,25.247,27.663,14.835,-3.756,-7.93,-7.001,5.758,3.514,-4.614,17.088,23.039,15.023,13.523,0.448
2000-02-06T14:00:00Z,-3.665,5.183,15.057,22.475,-7.217,4.365,-9.337,29.843,-9.867,2.451,15.195,15.744,26.913,-7.714,27.479,11.655,4.36,4.233,9.935,26.932,28.841,26.123,-1.097,9.742,2.399,23.508,-4.015,-3.129
2000-11-07T22:00:00Z,-8.802,19.566,17.42,18.29,22.745,12.719,6.59,11.231,-6.461,26.154,8.897,6.422,29.251,13.074,12.544,-2.009,4.409,21.776,19.427,11.538,15.662,-3.635,-1.729,23.032,26.293,-8.216,20.783,20.214
2001-05-08T17:00:00Z,23.151,-5.585,18.014,6.723,23.695,-6.194,1.239,-6.359,14.769,-3.783,-6.091,19.863,4.134,27.467,25.459,14.939,9.779,19.616,-5.971,8.082,22.983,0.362,21.33,26.469,2.632,-9.798,-1.633,-4.166
2001-07-17T03:00:00Z,13.719,29.704,-2.198,1.098,-0.42,23.431,3.848,20.352,19.728,-0.584,2.489,20.652,-8.021,16.817,25.035,27.123,-8.323,29.391,3.745,14.203,19.701,4.557,6.063,-7.567,5.1,15.815,8.201,-4.681
2001-05-16T19:00:00Z,13.166,-3.116,23.706,6.459,13.509,6.497,7.373,-2.015,8.329,11.099,23.824,27.115,15.924,24.651,15.5,3.027,6.046,4.708,-8.224,29.475,-6.428,7.954,-5.855,-7.268,2.908,-5.717,-3.807,9.941
2001-06-07T18:00:00Z,8.463,27.312,-3.479,14.556,-9.636,1.521,3.711,-8.592,13.572,26.987,11.18,-0.881,10.157,17.435,0.114,5.291,15.564,16.555,25.515,-6.758,29.084,1.693,-3.934,0.185,18.996,21.958,-1.497,13.332
2001-10-21T08:00:00Z,2.059,4.214,11.343,28.072,-7.497,26.688,7.03,19.586,-9.196,-8.415,2.627,26.141,-7.339,26.519,-0.909,7.911,3.617,12.805,27.852,8.581,-6.125,11.488,24.877,22.279,9.134,29.978,16.778,2.822
2001-03-09T03:00:00Z,-0.361,17.922,-6.667,22.135,-2.967,19.853,5.092,-7.801,8.569,8.203,6.194,28.607,22.261,22.605,17.015,18.742,23.431,21.62,22.849,2.186,12.181,29.049,9.788,-0.431,2.135,10.257,-5.263,-3.26
2001-03-13T12:00:00Z,9.893,0.868,-9.886,20.024,5.199,24.708,6.034,7.774,29.345,16.873,18.41,10.332,17.231,-8.444,-6.182,19.275,24.509,20.309,19.887,-9.849,-5.829,9.885,3.085,11.605,24.456,4.289,-3.143,23.538
2001-03-30T06:00:00Z,23.532,-4.54,3.188,26.967,-5.622,-8.557,5.523,29.653,6.54,25.345,18.331,16.17,29.868,9.58,29.841,-2.078,-3.265,23.204,22.563,21.435,1.457,7.437,19.333,-6.374,3.002,22.999,29.116,3.046
2001-05-05T02:00:00Z,28.964,9.09,22.894,16.351,6.459,26.427,-3.603,18.128,22.301,12.586,9.364,24.416,-5.037,5.027,15.619,11.94,7.133,7.525,17.928,29.011,2.74,-5.191,-8.867,29.713,1.35,24.874,23.787,10.702
2001-01-06T21:00:00Z,6.213,28.435,15.251,0.118,-5.002,-0.487,15.374,-5.008,5.103,-3.058,-3.856,-1.045,7.695,22.769,3.056,23.263,-1.205,25.547,12.106,19.152,5.654,7.991,18.18,9.579,0.532,27.082,13.232,17.296
2002-04-23T07:00:00Z,6.166,-7.06,4.248,8.827,14.17,21.129,-7.044,-7.18,7.723,22.624,-4.134,-1.808,28.555,5.238,19.426,2.384,-2.66,10.702,20.147,14.375,14.266,2.712,-3.425,23.348,-0.685,-4.022,-0.326,3.036
2002-05-08T12:00:00Z,3.224,22.935,-8.86,-4.161,10.958,4.918,-3.66,29.049,16.25,1.499,23.958,17.825,24.274,14.113,26.419,-8.485,28.054,29.617,27.909,22.426,19.042,17.267,-3.716,-9.589,17.339,-1.328,-8.502,13.241
2002-06-05T14:00:00Z,14.473,3.298,17.13,-0.242,-5.581,7.534,17.282,-9.964,15.986,28.377,-3.933,-1.674,8.698,18.265,19.688,8.849,2.062,7.738,12.536,29.325,22.334,-0.031,-8.675,-3.999,22.856,0.739,-9.174,25.376
2002-04-12T16:00:00Z,-8.861,16.499,-1.176,-7.2,23.972,11.898,22.9,-8.658,-5.356,27.933,24.776,-7.407,21.094,-0.331,29.544,24.253,5.984,4.54,-6.117,7.507,17.99,26.84,10.36,29.602,22.076,2.752,7.192,-5.585
2002-07-02T22:00:00Z,7.411,21.026,8.115,6.254,21.14,3.936,28.495,-8.637,-1.914,6.545,-6.539,-8.153,-3.304,-8.302,0.839,15.799,2.268,1.606,-4.7,21.381,-8.948,5.088,11.107,-6.81,-7.623,23.86,26.455,26.262
2002-08-23T00:00:00Z,15.036,16.865,19.315,1.457,10.371,-0.767,16.294,15.205,-2.734,25.397,-3.142,-7.112,25.887,25.943,24.438,4.693,12.526,13.317,10.791,-5.181,-9.008,13.174,19.105,15.719,-6.886,2.002,2.096,16.414
2002-06-06T19:00:00Z,8.953,23.6,20.782,17.617,29.212,3.216,-8.45,11.175,18.661,-3.693,6.173,-7.406,20.91,5.841,0.844,6.902,-1.5,27.423,-2.405,23.065,-4.96,-0.789,-7.629,26.839,-4.135,20.67,-4.176,16.28
2002-02-25T06:00:00Z,14.222,-8.202,-1.762,11.667,-0.68,29.571,20.938,-2.064,21.412,15.862,15.345,5.6,-3.96,10.509,5.798,-7.731,11.888,18.519,9.66,24.751,21.984,5.698,8.12,20.707,12.948,0.046,21.214,23.537
2002-03-09T05:00:00Z,27.304,-2.255,7.09,26.03,-4.58,18.462,18.121,0.838,16.037,22.172,2.165,-0.894,20.362,5.444,3.898,0.717,9.722,23.217,-7.114,19.243,-3.166,17.538,-3.352,8.734,-1.731,4.404,-5.344,-9.329
2002-03-05T09:00:00Z,17.249,-8.724,-4.165,2.673,20.944,10.397,25.858,-4.716,22.162,9.341,0.263,13.593,3.941,0.813,-6.068,25.684,1.798,-7.019,26.664,-1.698,23.28,15.685,16.171,27.943,18.069,21.284,16.93,8.997
2003-02-24T03:00:00Z,9.051,26.82,0.191,21.034,1.727,-6.238,5.556,-4.851,9.835,2.544,27.389,15.925,7.981,-3.393,18.973,18.876,7.513,20.782,-4.85,15.876,26.23,-3.883,20.687,10.686,22.695,25.664,4.185,-5.118
2003-02-23T06:00:00Z,-2.357,-7.326,12.579,-3.932,-8.877,0.23,11.797,25.546,16.62,24.658,-8.127,-4.759,19.636,16.599,2.387,-7.514,-1.611,-8.225,28.929,11.083,11.542,3.869,21.562,-8.469,12.409,21.021,18.924,26.532
2003-10-30T08:00:00Z,-8.086,7.635,22.525,16.314,-3.659,8.273,26.478,-8.942,6.231,2.09,0.564,1.507,5.915,14.482,3.811,24.489,1.041,18.4,-0.904,0.286,21.092,23.24,29.694,2.618,-6.554,-8.551,20.681,15.934
2003-04-03T02:00:00Z,20.758,8.917,1.489,-7.098,6.849,12.401,29.789,-7.639,27.943,1.641,25.572,10.621,-9.899,18.453,3.914,7.843,24.562,17.762,2.907,5.082,-4.323,25.077,-9.837,21.814,18.759,28.363,17.196,26.626
2003-10-08T21:00:00Z,16.024,7.014,14.167,-5.341,22.933,2.421,-3.408,28.637,3.521,5.332,19.434,-1.139,9.967,-9.91,2.58,6.47,20.892,28.942,15.907,5.389,16.155,17.959,22.324,6.83,16.207,5.609,-7.138,15.393
2003-03-28T13:00:00Z,8.421,-3.19,15.071,12.61,25.622,16.108,1.885,16.85,-5.828,27.482,12.855,24.045,26.005,4.149,4.985,12.497,-5.911,17.508,-6.738,-8.782,19.276,4.441,1.708,11.436,2.635,-9.629,-2.458,27.083
2003-11-15T07:00:00Z,28.226,-3.75,11.342,13.575,1.729,-8.265,26.012,-9.986,-6.222,-5.098,-4.691,21.215,8.632,24.817,20.711,-5.45,10.744,19.111,29.307,13.008,-9.92,-4.414,15.822,-0.156,0.841,5.568,-0.656,18.916
2003-04-17T11:00:00Z,28.924,17.246,-1.081,-6.962,20.103,28.156,25.744,-4.383,-9.052,-7.148,24.931,1.832,1.18,8.369,15.331,27.76,7.028,-9.99,22.722,2.76,10.997,25.813,-2.235,-5.302,17.057,3.082,28.377,12.024
2003-12-25T18:00:00Z,-0.083,17.205,-8.196,24.373,-6.858,18.212,1.927,-1.728,-6.791,-4.78,22.572,23.449,2.908,-8.599,5.22,-2.559,10.543,17.779,0.735,11.04,22.428,8.337,-5.811,8.714,29.734,0.744,9.191,17.745
2003-04-23T05:00:00Z,7.638,17.534,2.392,-0.878,23.044,-6.909,6.216,-1.372,19.284,6.366,22.719,13.641,9.544,7.848,27.668,10.009,-8.427,-7.769,-9.853,11.762,4.694,-5.085,16.399,3.357,2.953,-5.274,0.983,15.575
2004-09-16T09:00:00Z,20.209,6.647,0.241,10.782,11.928,7.288,-9.233,13.529,0.719,-8.248,29.991,-5.92,-3.213,-9.471,4.964,8.699,6.902,8.57,-3.086,27.219,-4.217,-9.826,-3.398,10.8,22.766,17.546,-9.172,-3.041
2004-05-12T08:00:00Z,11.317,-4.517,7.273,-4.364,23.724,16.535,12.028,19.465,12.648,14.445,1.603,12.668,-2.752,9.669,9.671,23.312,15.003,-9.391,-3.733,20.163,26.097,6.688,9.483,12.617,19.937,3.747,15.731,8.071
2004-05-18T20:00:00Z,23.116,5.373,8.4,22.569,6.779,-4.18,9.058,4.408,28.102,-3.137,-3.622,12.165,24.744,8.224,2.274,-0.736,-9.93,12.381,-3.876,16.729,14.418,20.326,-5.547,13.775,-6.82,29.413,7.666,-0.828
2004-03-15T02:00:00Z,13.994,12.087,15.094,28.778,7.88,14.552,19.967,21.193,14.658,29.983,19.995,10.763,17.256,11.609,17.79,28.092,-2.859,5.814,-8.865,24.025,8.09,-9.775,10.308,15.17,26.449,22.553,1.691,19.753
2004-07-18T19:00:00Z,-4.574,22.153,22.974,6.948,6.061,-7.246,6.426,9.263,18.348,21.573,9.957,20.198,16.198,22.345,4.436,29.233,-9.199,16.55,26.529,16.786,10.5,25.674,2.871,-6.918,-3.585,-9.847,-5.511,25.887
2004-01-12T12:00:00Z,-3.34,23.731,20.815,4.04,12.048,-5.831,0.263,-9.574,14.569,28.344,15.996,27.767,9.104,0.412,5.83,-3.741,6.897,1.041,12.193,19.339,25.003,17.995,26.618,14.235,-1.379,21.267,19.073,5.654
2004-06-11T20:00:00Z,5.831,-0.822,20.412,15.199,26.609,-2.777,18.729,14.388,20.333,-5.822,25.835,3.102,9.869,24.913,14.27,1.192,-2.592,14.048,-9.407,20.589,20.635,1.56,-4.269,13.738,7.365,-6.477,26.71,-2.938
2004-07-02T00:00:00Z,23.739,5.707,13.553,11.104,0.027,21.182,3.073,21.255,10.088,14.249,11.946,1.379,-8.266,5.099,7.039,3.714,26.35,-5.175,20.828,-2.102,9.24,3.949,4.524,14.256,5.284,16.505,18.371,0.762
2004-12-22T02:00:00Z,17.094,24.729,22.471,-5.642,1.992,22.299,3.384,18.741,8.798,9.671,4.628,26.203,16.525,2.762,19.435,-6.153,8.658,16.866,17.228,14.049,-2.029,-9.244,23.319,11.3,-1.351,4.126,-6.284,22.499
2004-10-16T14:00:00Z,-4.686,1.215,14.413,-2.502,28.706,-6.027,-8.223,23.394,19.563,17.79,9.7,21.846,20.201,23.954,0.461,-6.241,22.767,22.344,2.667,28.208,2.898,6.12,27.276,21.919,5.799,22.925,1.527,13.456
2005-06-24T20:00:00Z,10.163,16.857,28.314,-7.986,5.158,20.165,10.18,-2.233,-1.095,28.514,22.38,7.305,24.867,3.444,26.847,-4.771,1.723,5.278,28.189,1.713,15.554,6.236,-8.765,23.708,13.061,28.887,7.344,0.351
2005-07-29T14:00:00Z,11.101,15.788,27.809,14.604,-2.384,20.922,0.902,10.844,29.19,18.503,23.213,15.511,-0.045,-0.735,-6.912,-7.87,19.881,2.795,26.946,0.481,-8.067,14.83,4.756,17.557,21.073,26.961,25.664,26.259
2005-08-02T00:00:00Z,4.834,-6.372,5.041,1.139,-7.736,1.982,-7.819,-4.55,21.492,26.256,-7.949,11.711,2.654,-5.707,14.007,-5.057,4.479,6.922,15.834,29.79,-8.219,3.888,5.279,22.335,22.761,17.443,9.032,-7.332
2005-06-25T03:00:00Z,15.612,20.998,-7.87,-6.799,8.234,-7.792,-1.401,9.391,9.593,18.292,27.488,4.241,0.399,17.654,28.716,27.471,-9.817,26.236,12.941,-0.607,13.105,29.819,7.144,9.404,25.769,26.581,-2.475,-8.499
2005-12-25T05:00:00Z,14.457,12.019,-3.444,25.967,10.119,11.798,19.098,20.095,-2.593,17.499,10.243,19.543,19.639,9.624,6.507,8.863,-4.784,12.88,8.643,22.625,15.94,-4.422,-7.381,7.343,5.64,15.41,1.098,-5.937
2005-10-14T14:00:00Z,0.539,21.576,29.698,24.102,20.484,26.432,23.033,-3.804,15.112,18.408,12.466,10.53,23.645,7.534,24.548,22.215,-0.022,-0.542,10.632,-2.975,24.432,-9.732,26.89,6.248,-3.137,-8.241,-3.436,15.596
2005-09-20T19:00:00Z,-7.76,12.165,11.213,0.288,7.32,13.166,11.298,-5.649,-7.453,12.288,17.864,21.643,16.619,13.367,25.969,4.817,0.148,-5.968,5.612,22.819,1.103,17.1,2.767,2.884,-1.409,4.457,8.639,-6.342
2005-02-23T00:00:00Z,19.85,-3.153,17.266,26.668,14.606,25.283,-7.018,22.322,15.072,-9.347,13.326,29.751,-4.098,5.37,9.889,29.99,-8.69,7.037,24.706,-5.795,27.421,25.142,18.458,-5.662,20.096,0.23,15.719,0.503
2005-07-08T00:00:00Z,27.111,-3.566,6.096,21.349,17.295,17.914,25.356,4.838,18.912,8.354,-7.733,11.521,4.344,9.744,-4.961,23.375,28.374,-3.793,22.338,17.449,1.365,-4.903,10.169,-2.467,19.29,28.275,-7.933,8.331
2005-05-01T20:00:00Z,28.295,-5.53,23.56,23.85,-3.541,-4.727,7.835,28.79,4.363,5.405,12.248,25.663,-1.02,2.709,-7.369,13.455,25.822,19.633,2.144,29.812,-4.326,6.29,-0.436,9.842,6.973,13.309,11.824,-4.753
2006-01-22T20:00:00Z,7.773,24.49,23.276,-4.023,22.866,-4.397,23.534,15.826,1.417,4.893,24.992,-2.656,16.832,17.924,-2.849,18.691,14.497,19.418,4.525,29.105,13.179,-3.545,26.475,1.797,28.984,0.487,6.752,2.365
2006-03-31T11:00:00Z,21.59,13.407,2.734,4.256,-0.004,0.195,-7.569,21.82,17.979,-2.044,15.776,12.299,15.449,13.214,24.262,5.509,24.273,-6.967,3.114,15.18,-7.534,0.606,26.063,16.226,5.988,25.168,9.761,29.914
2006-06-04T03:00:00Z,19.169,9.543,3.306,-2.118,-6.008,16.109,19.904,5.202,-6.347,25.481,-0.981,0.772,-5.283,14.852,-7.562,-0.503,4.172,-7.412,22.624,-5.963,25.756,13.823,-7.566,-8.216,28.628,10.436,10.344,19.034
2006-04-13T12:00:00Z,-3.449,0.466,4.774,23.377,3.574,11.229,-8.493,-1.12,-2.879,6.66,-2.218,3.345,14.703,2.05,18.004,24.763,18.653,6.217,24.172,10.388,7.933,28.682,26.623,20.786,29.216,-8.684,29.221,-2.724
2006-05-30T17:00:00Z,26.738,26.063,-1.187,5.84,-6.39,2.668,-3.432,21.429,4.547,26.017,-3.728,22.447,8.514,24.508,-0.971,17.2,10.977,20.372,9.969,-4.72,3.984,-6.081,-1.96,14.874,15.858,14.09,-7.345,3.3
2006-01-15T14:00:00Z,17.763,1.411,23.927,20.661,29.891,12.955,14.06,-7.975,4.125,9.63,26.624,29.222,17.049,17.998,22.445,1.623,7.895,12.593,4.115,-1.935,23.983,13.29,16.506,14.179,27.701,12.044,13.594,29.281
2006-10-31T14:00:00Z,27.206,22.263,11.346,27.937,-7.262,9.791,-9.095,-7.171,0.384,-4.333,28.696,22.419,26.46,-9.653,20.428,12.745,16.539,-8.457,-2.469,20.764,-7.466,1.862,-3.779,21.037,-8.141,6.049,2.351,-7.758
2006-04-05T11:00:00Z,24.776,28.845,9.184,1.972,-4.629,7.211,17.16,-5.031,18.191,7.78,-0.475,17.065,19.118,-0.588,11.224,14.496,24.676,-9.395,20.714,10.163,29.406,-7.709,-6.937,16.83,5.188,16.46,5.554,24.945
2006-12-22T22:00:00Z,20.711,1.656,5.419,18.942,29.405,24.703,5.637,21.699,14.6,6.266,3.353,-0.83,23.062,12.33,16.435,14.793,23.922,19.62,15.07,27.239,-9.597,-6.628,-0.568,-8.663,25.93,11.529,11.092,15.326
2006-09-13T21:00:00Z,11.622,1.692,-7.935,24.733,8.66,26.971,4.274,-9.041,3.613,23.586,26.628,8.627,6.803,-8.259,10.31,-9.279,14.702,1.25,4.033,9.493,22.614,-6.564,24.403,29.295,0.493,-3.77,18.724,13.508
2007-11-07T13:00:00Z,18.981,10.376,15.215,15.389,26.312,-2.743,17.851,8.678,9.041,7.234,24.51,19.419,28.723,24.979,6.417,6.203,22.106,8.111,21.939,10.048,15.532,2.464,17.313,29.154,-3.843,-5.407,26.405,15.341
2007-09-17T12:00:00Z,24.48,-1.826,21.283,27.89,21.708,10.012,-5.463,23.574,16.302,28.195,0.804,17.493,13.741,16.063,-8.37,16.612,28.449,7.453,27.809,-3.888,27.04,-3.132,-0.349,28.611,2.643,23.592,13.593,14.389
2007-01-28T20:00:00Z,22.496,3.677,-3.244,4.33,1.776,-8.099,-0.886,14.921,-1.565,11.156,14.937,21.037,6.977,-9.447,25.192,12.875,18.25,12.607,17.097,-5.727,6.277,-2.278,14.204,21.382,29.421,8.285,4.207,18.863
2007-02-28T16:00:00Z,29.55,4.782,6.527,19.706,-6.935,-0.021,21.296,-7.451,6.418,29.523,0.221,7.213,26.667,5.639,21.194,17.022,21.937,10.754,1.024,-7.988,9.077,23.776,24.83,6.601,0.595,10.018,26.723,6.093
2007-11-12T22:00:00Z,18.778,25.293,25.979,10.098,-2.726,23.47,13.406,-1.559,29.904,5.37,9.046,17.371,15.663,12.582,-0.458,-1.567,28.19,11.76,11.67,23.898,20.378,21.176,18.097,-2.539,28.337,17.061,3.071,13.132
2007-07-15T14:00:00Z,12.106,10.507,2.592,25.693,27.922,5.37,15.876,-6.593,10.816,-1.819,21.568,0.745,-0.471,22.836,-9.051,29.841,24.08,13.579,-6.222,-3.661,14.356,-9.989,8.586,12.173,-1.912,6.671,0.547,20.0
2007-01-23T20:00:00Z,29.62,-7.698,6.493,22.487,8.505,17.063,12.02,5.824,22.002,18.335,-5.625,26.182,21.979,22.94,21.874,9.951,-4.219,29.837,-1.316,28.599,-0.039,0.657,-6.607,17.18,5.885,7.099,-4.339,7.397
2007-06-16T07:00:00Z,23.677,3.854,22.536,21.661,-2.027,0.89,29.138,-7.521,0.858,17.831,27.634,2.729,25.269,-9.037,-8.401,-7.355,3.61,-5.842,-3.734,20.906,24.005,8.178,2.419,2.773,7.553,9.479,10.873,24.044
2007-04-07T22:00:00Z,15.626,26.639,-2.109,29.606,14.575,-9.705,3.31,-0.932,-9.734,3.899,18.425,29.004,22.198,18.482,27.88,13.647,-5.243,-6.273,26.448,21.703,-5.778,20.511,5.082,28.987,27.741,14.52,-2.139,17.977
2007-09-03T07:00:00Z,19.764,13.799,-1.959,12.704,6.117,6.823,8.5,4.284,-6.304,26.892,-4.883,27.15,10.471,-9.104,-6.713,12.563,25.817,17.402,26.76,6.791,28.09,25.6,-3.518,19.649,4.675,17.62,-5.645,-3.931
2008-07-03T19:00:00Z,9.935,15.184,14.211,-8.347,12.319,23.644,-3.511,15.442,10.672,24.105,15.458,7.654,2.606,-9.383,11.446,-7.621,6.157,25.741,4.997,29.251,20.27,24.659,6.191,9.398,-5.331,-3.993,-2.279,23.215
2008-08-25T18:00:00Z,26.541,7.301,17.857,29.69,24.508,28.498,14.541,-6.499,-7.831,5.229,21.702,7.803,19.34,24.513,29.31,12.336,-2.526,26.379,6.299,26.239,-6.973,-6.255,2.914,14.502,29.624,21.922,8.257,-5.737
2008-10-26T16:00:00Z,9.12,15.436,5.644,3.455,8.552,-2.186,14.343,22.135,-0.966,23.877,6.305,27.681,10.95,-7.099,28.484,12.612,7.084,7.738,22.737,16.329,10.081,14.593,-0.316,6.541,0.112,14.912,25.314,-9.438
2008-07-31T13:00:00Z,-5.887,26.878,-5.666,8.653,4.247,12.608,-3.099,28.269,5.08,19.046,27.487,4.181,-3.058,16.052,22.681,7.698,-2.044,25.107,27.209,-8.649,3.33,13.764,5.803,9.369,6.597,-5.03,5.451,17.735
2008-08-02T19:00:00Z,-2.856,-5.797,26.175,5.142,26.313,-7.866,29.963,5.952,15.065,29.484,21.33,16.146,-6.198,-3.015,10.307,7.324,14.884,11.077,22.874,25.937,3.2,5.928,-5.574,23.273,12.744,15.4,25.528,-7.075
2008-08-04T01:00:00Z,-2.426,24.564,28.172,13.121,0.199,26.08,15.783,9.989,21.53,9.154,-4.794,13.588,22.673,-5.391,15.562,24.352,12.1,3.606,-4.378,-7.558,18.962,3.995,12.606,16.736,13.19,7.12,17.261,27.737
2008-04-26T18:00:00Z,25.855,24.696,-1.4,12.438,22.178,26.023,4.233,-6.024,-0.038,29.016,29.663,9.406,5.435,-2.671,9.467,26.342,23.385,-6.554,-1.922,4.455,22.267,1.783,17.567,25.893,26.317,26.623,11.536,-4.817
2008-06-30T13:00:00Z,23.191,-0.191,15.059,0.507,12.764,29.396,6.217,15.944,17.671,12.381,27.27,-5.847,23.281,28.836,16.762,13.135,19.422,-5.827,8.613,16.929,-0.689,19.164,26.515,-2.797,27.064,2.274,10.893,13.301
2008-05-03T08:00:00Z,22.7,13.927,16.014,15.659,19.054,5.198,-6.053,6.286,13.81,-0.421,0.467,22.575,5.07,0.248,3.226,1.424,18.728,9.336,29.981,9.0,2.371,-8.157,-3.547,-3.998,19.54,26.828,5.946,16.805
2008-01-16T04:00:00Z,12.028,22.442,-0.596,21.97,14.8,-8.635,26.957,14.49,4.16,24.136,5.184,-5.837,-0.476,23.582,18.841,22.504,16.0,16.704,1.283,1.357,11.714,6.412,-9.64,-3.592,-9.728,29.528,25.936,-2.258
2009-07-23T15:00:00Z,7.76,-6.273,20.91,-1.323,12.964,26.042,18.486,22.037,23.523,28.34,4.373,-7.784,28.975,10.922,28.91,19.057,11.166,-7.368,2.022,21.238,9.794,11.568,19.08,25.606,27.377,-5.414,-0.589,18.166
2009-11-15T20:00:00Z,8.353,-8.729,8.349,-0.689,-2.505,-6.012,-8.254,15.813,27.341,5.455,24.219,26.364,11.251,-9.459,16.331,22.914,11.898,12.374,3.43,16.922,17.115,18.368,5.274,24.579,2.886,0.795,25.698,1.374
2009-12-22T14:00:00Z,-9.805,27.754,24.194,23.028,10.049,14.573,-2.634,29.656,29.328,7.328,16.051,12.142,5.03,7.042,13.217,25.946,1.288,3.583,13.534,11.42,3.837,2.488,9.957,-9.815,6.335,-9.329,5.019,-8.811
2009-12-22T06:00:00Z,-8.289,22.423,13.435,11.677,11.456,6.545,10.347,19.033,12.365,15.576,1.529,15.202,15.811,-8.279,-1.159,1.074,-8.072,25.671,28.377,-8.317,22.919,-4.906,-3.855,11.935,16.768,26.972,9.453,27.787
2009-09-01T01:00:00Z,-3.248,7.514,7.032,16.589,3.607,13.53,-5.125,15.129,3.843,28.068,26.303,16.755,-8.262,16.006,17.492,20.018,24.978,4.782,-5.44,17.998,-7.171,0.805,-4.36,2.496,7.718,19.984,17.893,-8.543
2009-08-17T11:00:00Z,-5.825,10.226,-3.512,-1.179,22.565,4.121,22.771,-1.675,20.663,-4.89,-1.718,9.922,18.649,23.078,-2.112,16.017,11.352,17.674,7.768,1.491,-6.972,6.12,-4.689,9.18,18.872,22.438,7.433,-5.625
2009-08-09T23:00:00Z,-9.683,22.476,3.777,10.607,5.363,21.519,-9.911,21.413,20.867,-8.914,-8.691,28.185,5.555,-8.191,29.17,0.989,11.73,2.07,18.111,4.744,-0.542,20.669,28.787,5.824,20.477,3.908,20.252,29.633
2009-06-26T23:00:00Z,12.375,12.17,-2.089,-8.784,-9.773,-9.269,11.241,28.351,-1.152,7.437,11.235,22.108,-4.824,11.756,-6.202,27.296,7.593,-2.274,29.234,3.113,-4.873,-0.65,3.39,6.952,10.272,-2.444,9.738,5.659
2009-04-02T04:00:00Z,7.487,24.184,15.576,4.266,-0.038,14.913,14.97,6.78,-2.454,3.604,4.467,1.559,23.726,-9.555,16.33,23.716,29.573,0.307,-8.902,23.307,29.954,1.383,3.755,22.025,-0.314,-0.743,7.625,0.319
2009-08-19T13:00:00Z,10.59,29.731,8.467,-1.239,-8.221,-1.413,-1.388,18.936,16.145,19.31,6.198,-5.949,-6.217,-6.905,-0.919,6.438,10.649,-7.38,27.13,11.052,11.207,-1.713,14.813,-6.367,6.537,-8.522,14.843,28.736
2010-05-01T04:00:00Z,1.973,5.366,-2.92,18.365,6.619,-0.249,17.365,22.871,22.841,13.97,18.025,24.74,23.939,20.145,16.964,25.805,9.187,0.414,11.163,26.149,28.536,3.322,22.408,7.284,29.42,13.627,9.596,-8.242
2010-10-14T09:00:00Z,21.173,4.789,12.622,2.348,28.682,2.756,27.101,-0.952,2.112,27.734,8.968,17.367,3.293,-5.193,21.58,20.99,3.485,29.625,27.893,4.388,16.71,0.823,17.206,-9.41,-1.295,25.444,-6.016,17.089
2010-05-08T09:00:00Z,3.554,8.025,7.218,5.83,-1.447,8.149,28.515,17.105,-2.646,14.249,4.577,13.115,26.692,15.253,21.313,2.982,0.6,-6.656,-2.238,-9.862,25.689,20.465,22.973,8.763,1.829,-7.247,22.519,1.605
2010-12-29T15:00:00Z,27.817,-6.772,6.253,2.766,10.901,27.748,-5.017,-6.043,8.797,14.312,5.637,-6.346,24.715,4.853,-6.335,25.688,-1.781,29.713,17.918,1.177,13.915,4.968,3.37,25.276,1.871,0.326,28.013,6.257
2010-04-05T01:00:00Z,18.293,4.782,1.562,14.897,-0.798,20.345,10.225,15.85,-1.567,-3.155,26.359,8.745,18.484,-8.923,23.626,19.058,21.885,24.694,13.006,15.943,-1.56,-2.699,25.776,-4.709,20.444,8.535,-8.618,24.197
2010-10-19T06:00:00Z,-1.5,-4.059,13.45,1.038,21.623,0.722,24.379,16.445,2.959,10.721,-0.615,-3.792,18.159,22.475,-6.745,-2.8,8.781,25.883,6.886,20.987,26.263,-6.317,10.751,14.2,22.713,-8.541,7.779,3.88
2010-12-22T09:00:00Z,-4.438,11.011,5.99,14.181,0.147,18.093,25.014,26.704,7.432,-2.036,-5.147,17.285,10.718,21.38,24.689,24.471,-5.722,25.618,11.337,-2.216,1.888,29.614,-6.695,8.819,15.206,12.79,24.082,-4.985
2010-12-16T21:00:00Z,23.161,26.624,-9.247,19.184,12.852,4.473,-7.077,-3.738,22.195,25.817,-8.63,18.319,12.983,27.023,9.004,24.998,6.687,11.718,3.458,18.799,-2.73,23.737,29.706,16.952,-3.08,-0.309,-7.854,24.462
2010-02-22T01:00:00Z,6.096,0.224,22.06,13.075,-6.546,-5.669,2.033,19.176,28.921,7.236,1.262,2.599,0.195,4.668,28.092,17.444,-2.506,14.534,24.622,10.666,23.819,3.129,26.629,6.628,4.245,12.522,9.309,5.592
2010-04-06T19:00:00Z,0.373,0.333,27.413,15.906,-7.604,14.035,24.529,23.639,1.159,10.187,6.118,18.742,-4.158,0.745,29.865,18.37,18.278,15.526,-7.329,-5.139,15.53,3.574,12.17,7.308,-3.069,23.265,22.73,12.072
2011-05-10T17:00:00Z,8.879,27.633,14.228,9.7,4.146,28.502,-6.881,26.612,-7.606,-5.393,15.902,-6.304,-5.163,-8.944,10.071,26.448,-2.933,19.041,-4.122,-8.683,20.226,21.959,21.872,-6.367,4.239,21.723,15.787,2.166
2011-02-24T05:00:00Z,-4.823,15.784,-5.814,-5.529,-5.571,11.908,0.962,-8.514,8.962,14.461,28.263,-1.613,23.241,-6.593,-0.19,-5.725,25.619,23.69,3.396,14.18,-6.637,-3.719,15.462,28.144,25.428,14.022,25.422,-2.356
2011-08-10T00:00:00Z,28.908,9.112,18.225,29.542,-0.683,23.025,22.927,25.597,16.986,-1.35,-9.88,3.482,9.439,12.694,16.616,10.427,9.69,27.216,-9.727,25.638,24.969,10.175,28.82,-7.65,-5.563,-1.884,26.204,16.369
2011-06-14T06:00:00Z,-4.997,2.565,2.307,9.64,28.175,-8.426,12.388,17.037,-7.739,17.055,23.017,0.202,-3.731,-1.588,2.839,-4.708,1.118,25.365,22.156,-2.134,24.406,19.244,-1.388,1.904,0.848,0.045,3.854,8.245
2011-01-22T00:00:00Z,17.835,-8.661,0.155,26.536,15.069,23.108,15.206,-3.991,0.425,20.454,-8.812,-6.231,23.568,8.185,10.278,17.392,23.925,8.651,-0.666,16.55,12.871,26.354,26.789,-1.02,1.08,22.321,18.606,-5.698
2011-12-28T18:00:00Z,29.554,-4.094,15.04,10.873,29.295,-9.092,0.915,14.405,19.748,5.511,20.009,-3.731,20.277,-2.172,8.409,-9.867,15.64,-3.05,21.625,-4.345,25.009,21.939,2.147,-6.136,-9.901,22.249,1.575,5.515
2011-02-16T11:00:00Z,-5.279,18.148,21.312,18.143,11.081,7.438,8.754,28.272,10.292,13.758,-0.122,28.265,10.008,21.021,20.519,18.855,20.231,10.973,-7.605,27.455,25.18,27.15,3.071,13.994,-1.753,11.356,2.857,17.026
2011-07-02T22:00:00Z,20.277,14.432,-7.733,18.822,18.337,4.738,23.7,-8.896,21.178,27.237,27.57,9.784,2.913,-9.221,9.244,24.874,4.679,19.564,-0.244,11.238,29.359,8.68,-2.885,25.197,19.971,8.224,6.114,14.394
2011-08-13T22:00:00Z,12.409,10.062,27.796,21.554,-2.858,24.895,18.838,29.564,13.424,9.252,-6.613,28.122,23.447,3.288,22.076,12.632,0.607,-5.734,29.052,-2.373,10.014,4.213,-2.178,29.983,23.263,-7.527,-5.62,13.987
2011-08-12T16:00:00Z,-2.278,11.201,29.914,-1.333,26.996,-7.822,-2.579,12.608,-9.146,-9.815,8.486,1.631,6.062,19.022,2.573,-0.487,15.427,17.382,24.704,5.801,14.897,13.221,18.356,26.859,1.13,15.891,26.072,11.992
2012-02-17T03:00:00Z,21.728,-7.059,3.451,10.857,6.956,10.954,11.976,-3.637,-9.788,23.328,6.6,7.586,17.012,14.906,-8.414,8.504,-4.858,9.352,-0.428,8.832,15.551,0.27,2.515,25.559,16.519,0.353,11.055,1.404
2012-02-08T02:00:00Z,19.293,24.607,9.632,-4.706,-0.838,3.447,28.435,10.513,21.458,18.33,22.717,27.395,-2.08,12.583,28.33,-1.242,14.133,1.322,-5.732,-0.787,2.914,4.758,10.636,24.921,-9.463,16.852,4.499,0.577
2012-08-19T00:00:00Z,3.412,27.858,10.838,-1.94,3.89,15.696,-1.387,-3.452,-2.818,-3.525,-1.684,15.178,5.329,-9.059,24.43,-6.581,2.775,16.082,7.309,18.044,-2.494,13.536,-7.836,7.625,-2.1,28.585,-8.493,29.022
2012-09-12T08:00:00Z,2.571,3.547,16.69,-1.078,13.046,18.587,21.917,19.16,27.789,26.886,3.3,-1.641,-5.429,21.331,-7.598,5.686,9.274,8.674,25.5,-2.471,22.589,23.363,-0.89,6.845,-4.302,19.182,11.621,26.906
2012-09-29T10:00:00Z,27.132,19.044,-8.41,3.984,14.537,15.239,1.498,2.985,13.296,20.227,15.702,3.672,11.933,12.152,22.809,-4.928,8.916,18.714,7.995,-2.984,19.737,4.927,17.935,15.302,10.921,3.136,21.439,12.574
2012-08-01T16:00:00Z,3.343,26.591,-3.329,14.093,-4.161,11.215,19.971,5.175,21.667,10.116,29.955,-2.179,-9.38,15.211,22.825,3.509,1.13,16.028,10.481,18.428,18.454,8.75,6.746,10.998,20.007,10.652,-1.238,18.164
2012-08-12T00:00:00Z,26.289,-3.355,1.218,13.462,-3.373,0.98,-2.049,11.353,27.452,-6.057,-3.146,4.283,-1.873,-4.446,7.016,16.223,19.492,14.93,-7.954,-4.227,8.229,-4.593,7.848,17.69,-2.534,20.721,6.096,18.747
2012-08-23T16:00:00Z,8.371,11.639,17.84,14.316,-4.053,4.818,22.285,15.297,24.653,4.395,-5.981,5.608,12.181,28.489,7.434,5.014,-4.983,9.676,3.599,7.345,18.061,3.785,8.045,28.109,15.329,2.611,5.977,7.695
2012-08-16T13:00:00Z,10.738,24.441,-4.713,-2.391,28.869,16.056,18.025,29.569,-7.662,6.914,-4.195,10.228,25.803,-1.306,13.236,11.359,4.35,5.115,22.337,-8.04,26.342,12.506,9.533,26.546,26.317,8.119,9.088,6.426
2012-09-06T10:00:00Z,-8.381,15.563,5.777,17.468,4.001,29.618,14.919,21.449,9.612,24.686,29.349,16.442,19.006,28.576,12.977,26.314,13.736,-3.424,11.215,-4.682,17.443,11.72,25.505,17.75,10.703,2.246,-4.741,27.103
2013-08-10T23:00:00Z,27.774,18.126,20.545,16.683,-9.386,25.333,10.814,20.327,7.153,14.08,23.997,8.042,22.541,15.41,5.113,18.674,29.523,10.977,-6.123,1.528,12.982,24.081,-0.286,18.73,12.894,20.409,-4.926,27.045
2013-07-18T22:00:00Z,8.529,16.684,1.82,19.548,9.372,-3.686,28.88,-0.118,-7.84,-0.661,-4.841,3.922,19.78,8.591,16.915,15.776,6.39,-2.169,-6.744,24.595,22.764,10.444,15.967,-4.194,3.412,12.526,18.618,-7.083
2013-05-26T07:00:00Z,-2.513,-1.696,22.132,-5.237,2.744,4.678,28.932,-0.232,13.36,19.851,29.945,28.907,22.951,24.253,29.511,20.819,-4.461,0.642,9.81,-6.758,18.579,2.617,23.193,25.698,8.636,18.062,8.368,9.795
2013-11-03T00:00:00Z,13.299,-1.321,10.95,-9.76,28.977,-4.8,24.917,-3.31,19.868,-9.518,14.273,17.715,-0.864,11.372,18.838,-9.669,5.394,25.773,19.584,12.127,-7.475,8.602,7.438,16.791,-2.474,5.115,6.141,-2.227
2013-04-07T07:00:00Z,11.528,16.707,12.28,25.723,0.759,-8.615,27.725,2.695,12.347,19.025,27.738,-0.369,26.556,27.155,3.862,25.451,-6.901,10.175,12.117,-8.264,-1.112,17.562,-2.248,19.701,26.806,-7.295,-0.767,-4.196
2013-08-18T14:00:00Z,6.265,12.782,20.139,26.87,6.15,23.693,21.318,-8.228,-5.648,13.922,4.18,-9.226,17.295,9.588,19.368,12.02,17.851,14.872,-0.512,-3.748,15.395,2.881,13.593,6.154,-5.819,28.031,-7.159,-5.259
2013-02-28T17:00:00Z,-9.055,12.628,7.06,18.425,-4.602,20.874,29.847,21.668,-0.801,20.548,12.663,-7.171,2.994,1.487,18.649,28.759,6.002,-0.35,9.007,6.497,7.363,14.41,28.648,22.064,6.968,0.825,-9.464,8.688
2013-07-13T20:00:00Z,6.482,16.164,14.279,11.402,27.165,20.701,24.453,20.567,8.048,10.688,24.668,0.17,15.786,15.893,11.191,-9.954,-6.909,1.419,11.291,16.515,18.576,18.683,16.86,13.517,2.84,2.198,-8.679,4.033
2013-11-10T02:00:00Z,23.687,-0.882,19.018,28.257,12.101,-8.889,10.965,27.998,-9.252,8.74,2.407,-3.071,-3.917,27.59,3.586,-9.502,5.543,-5.99,20.034,20.488,23.343,-0.481,4.258,26.156,-4.858,-8.163,-3.973,20.321
2013-01-17T12:00:00Z,-1.717,0.084,18.984,-6.35,15.069,-4.953,26.167,2.84,27.959,23.837,-2.188,11.411,16.914,0.37,-6.264,6.852,3.168,28.089,14.011,14.411,-8.271,11.273,18.148,16.255,15.853,3.911,11.497,3.381
2014-01-03T23:00:00Z,-4.516,20.826,14.907,26.981,10.167,11.358,-3.078,-3.062,-0.431,20.893,28.154,4.22,14.019,-5.832,23.258,11.84,-3.479,17.754,1.895,27.9,2.664,15.19,17.417,20.059,25.844,26.935,4.09,6.172
2014-01-12T15:00:00Z,8.475,25.871,5.979,1.119,-3.264,-1.45,-8.575,6.497,-4.815,-7.788,-0.147,7.6,13.859,4.205,21.43,26.626,15.159,23.195,14.416,7.434,16.878,27.217,27.356,21.563,27.023,26.527,15.247,-5.317
2014-12-01T11:00:00Z,28.119,14.001,6.012,4.173,25.103,-8.097,5.857,6.332,-1.817,-1.376,28.42,-1.563,-3.19,1.851,14.636,27.819,15.349,13.491,-4.514,15.81,7.279,5.082,4.227,14.94,6.472,20.167,6.878,27.758
2014-02-07T22:00:00Z,21.907,13.882,13.574,6.883,6.892,-3.957,16.025,4.842,-7.481,29.02,0.393,-8.145,-8.126,-8.847,0.019,23.995,7.544,1.636,17.704,-0.534,10.724,-1.359,-6.167,-4.685,28.429,25.689,0.531,-9.245
2014-04-01T10:00:00Z,2.499,13.274,19.288,1.763,24.443,14.566,-7.25,-9.12,-6.229,13.559,26.872,25.925,8.78,15.327,-8.466,6.499,27.377,2.987,9.505,-7.233,16.45,25.356,16.202,3.532,-4.793,26.333,22.69,-2.645
2014-01-10T05:00:00Z,-4.185,16.796,15.67,-6.837,26.713,-6.097,23.17,-1.464,10.045,26.36,-2.063,10.85,13.245,-2.988,14.574,-1.798,5.638,27.815,29.821,-9.704,-8.319,26.879,-5.126,-9.81,17.154,-1.581,-8.004,23.776
2014-09-09T13:00:00Z,-8.743,16.215,23.09,5.425,14.994,7.728,-5.331,25.004,3.803,14.752,17.877,-9.576,23.799,7.675,24.814,5.079,18.044,2.826,-5.584,28.764,-8.537,12.608,5.238,13.911,-8.461,14.893,-6.652,1.781
2014-01-12T18:00:00Z,12.855,21.067,7.985,20.731,18.823,-8.249,7.445,23.119,12.696,11.365,-1.234,2.351,8.544,22.089,2.09,10.916,0.42,0.594,-9.928,-0.451,-3.666,8.899,28.981,23.607,-3.752,-2.498,17.326,6.151
2014-02-04T21:00:00Z,-5.4,9.726,27.279,1.754,4.643,5.689,14.217,-3.965,29.846,8.073,19.592,-0.879,26.019,-7.192,-9.417,11.609,20.845,-5.974,0.246,-9.172,25.127,17.881,-3.564,-8.505,27.225,0.07,16.311,5.624
2014-06-14T09:00:00Z,-3.915,27.469,10.58,24.305,-8.507,12.609,13.392,-1.938,-8.014,-4.964,-8.747,11.856,8.176,6.402,-2.778,28.669,0.915,6.246,3.73,3.365,11.786,22.88,11.296,13.548,14.489,-5.922,22.024,2.573
2015-09-06T03:00:00Z,5.779,-7.65,6.314,-9.963,16.162,18.242,0.825,9.985,3.842,29.923,11.483,17.661,-8.147,13.351,12.387,-5.467,23.323,15.772,25.18,6.376,16.109,-6.315,14.673,9.051,13.386,26.014,29.793,4.869
2015-01-17T23:00:00Z,-9.258,22.764,6.55,16.881,15.121,7.945,-2.247,15.862,23.528,14.858,-7.717,-6.697,21.524,-8.907,1.05,17.609,24.459,5.227,14.89,28.927,9.731,26.392,4.657,19.828,-0.828,28.79,11.6,24.285
2015-10-01T16:00:00Z,5.853,18.179,4.449,11.956,9.449,16.533,-2.482,3.054,12.478,2.897,15.529,2.42,7.572,10.023,21.248,26.263,5.029,8.807,3.056,9.999,-1.106,24.732,7.57,-4.075,7.259,18.08,-4.593,-8.017
2015-11-12T01:00:00Z,6.166,21.976,7.893,25.918,6.924,21.73,10.713,-0.862,15.424,1.327,-4.924,24.592,27.82,22.555,-8.043,8.842,1.967,-1.619,-9.661,21.057,4.587,28.045,7.673,2.39,12.663,-5.175,2.346,19.362
2015-01-21T09:00:00Z,17.023,22.959,7.009,15.864,11.506,22.634,24.495,8.371,5.405,25.33,9.451,2.779,22.423,-9.708,-5.208,5.751,6.288,11.929,14.093,15.003,27.98,15.284,10.719,13.756,22.303,1.961,17.65,20.743
2015-01-23T15:00:00Z,11.097,16.171,28.214,28.913,-5.613,16.898,23.657,28.438,-8.414,3.049,25.762,-8.353,6.033,5.0,8.288,14.147,16.029,-2.388,6.259,18.304,-6.221,23.611,16.995,27.317,8.445,-8.023,-6.415,5.474
2015-09-18T05:00:00Z,13.494,26.024,-3.342,15.369,-9.562,-9.464,24.519,11.102,14.39,20.159,5.31,-5.828,21.961,13.263,27.683,15.692,26.557,-4.056,15.321,-5.288,-8.912,3.281,11.264,4.509,-6.983,-8.861,28.49,16.035
2015-10-20T23:00:00Z,15.379,8.444,2.411,3.841,-0.473,4.397,-2.876,-4.893,22.817,-6.674,25.435,19.068,4.341,-6.203,18.715,-1.956,23.763,10.369,12.913,15.43,25.809,-7.624,-5.044,29.309,25.105,-2.038,26.449,29.123
2015-02-24T07:00:00Z,-0.044,14.93,-8.69,6.982,-7.201,-7.306,-5.854,-9.434,27.718,23.672,26.102,-1.152,8.023,22.25,2.18,12.613,23.143,-8.859,-5.977,29.064,26.389,25.504,9.155,18.65,8.374,6.408,2.715,-6.473
2015-09-26T09:00:00Z,11.352,3.227,19.086,2.632,-1.084,0.917,-3.201,23.75,-7.921,22.366,8.703,12.528,16.422,10.263,17.059,13.333,21.109,2.37,-0.272,-1.883,-6.857,21.774,19.002,-7.662,26.417,13.22,6.979,-4.625
2016-05-23T23:00:00Z,14.496,22.141,23.761,11.532,-5.028,23.996,28.738,22.503,15.57,13.31,5.529,26.028,17.045,-3.475,4.803,28.441,23.63,23.935,-3.224,28.778,2.683,25.681,-8.075,-6.15,-4.309,9.62,28.246,3.988
2016-10-24T22:00:00Z,2.934,14.234,20.632,11.545,-0.258,23.137,9.869,19.289,-0.144,20.507,-3.41,17.321,5.38,23.586,18.971,12.867,6.692,29.499,-4.001,2.749,-6.673,18.269,23.521,14.287,11.517,-9.841,-6.538,24.757
2016-01-13T00:00:00Z,5.282,28.607,18.544,10.401,25.868,27.797,11.562,12.611,14.006,1.362,8.965,11.249,16.598,8.07,15.14,24.938,7.653,0.219,27.174,8.948,-3.833,20.12,15.52,3.755,22.473,1.553,-9.789,-5.218
2016-09-27T07:00:00Z,-1.815,15.54,7.932,11.542,9.27,-8.985,16.453,19.901,21.67,10.577,18.14,17.233,-8.625,14.292,5.931,22.812,22.83,17.443,24.672,19.112,21.84,28.591,4.454,1.101,23.834,18.601,17.304,14.025
2016-12-22T19:00:00Z,5.549,3.921,12.143,19.379,4.105,4.207,-5.534,19.899,26.508,-4.471,3.572,10.956,24.501,15.675,17.415,3.23,6.576,29.637,18.654,17.912,29.92,6.742,-5.785,20.162,7.563,3.187,27.316,26.562
2016-02-15T08:00:00Z,11.196,3.643,-2.477,-7.397,17.064,2.52,7.894,24.786,-7.158,26.495,-4.919,12.132,23.75,-6.649,19.919,12.106,-2.223,-9.433,-1.402,3.822,-8.357,-4.396,10.449,-4.987,19.251,13.804,4.649,-6.554
2016-01-25T10:00:00Z,24.77,11.444,21.234,4.806,5.075,8.892,-2.744,3.682,22.422,-1.045,9.945,20.601,-5.701,-5.684,28.276,22.373,19.472,24.473,-9.504,3.974,0.617,16.828,28.758,0.832,17.549,16.643,13.342,-9.052
2016-01-02T03:00:00Z,20.618,21.122,24.874,-2.13,6.43,-4.216,25.286,2.415,6.139,11.242,1.801,-5.029,-4.559,5.655,5.342,15.578,20.813,-6.786,-4.963,23.895,-9.825,2.665,-2.815,-9.698,16.032,3.787,5.39,14.509
2016-09-11T15:00:00Z,7.192,13.408,12.562,12.935,16.039,-9.727,4.419,11.542,25.433,6.514,3.739,-3.618,16.499,4.187,20.522,-7.945,15.504,15.457,24.138,19.982,1.875,23.66,17.835,6.134,-1.433,-7.708,-0.972,18.218
2016-11-08T22:00:00Z,28.689,4.788,20.025,18.574,13.69,9.835,-1.0,5.819,21.134,-9.927,2.493,20.388,-3.35,-5.311,20.37,14.312,5.625,11.349,-2.653,3.886,7.016,-5.543,0.973,2.863,-9.83,26.924,8.237,17.453
2017-11-04T08:00:00Z,20.549,27.918,-2.236,5.845,24.115,8.075,26.373,-6.527,24.786,-9.088,25.717,19.789,9.938,15.501,17.961,21.354,4.281,-8.099,16.14,10.128,2.356,25.899,29.894,21.896,4.365,-3.961,19.046,7.596
2017-01-17T16:00:00Z,8.274,9.201,-2.34,0.744,1.297,13.647,-9.303,-9.437,-3.056,-0.218,-0.91,6.547,15.166,2.286,0.764,-9.91,-3.841,27.298,-2.424,27.29,29.263,24.307,-5.835,5.929,16.763,-3.267,7.784,11.012
2017-12-04T08:00:00Z,29.278,27.67,26.931,7.44,2.172,29.802,9.213,23.984,11.719,-7.763,-8.854,28.907,2.486,-5.971,19.076,9.359,17.63,14.72,21.615,-5.924,5.528,17.2,21.135,12.694,23.569,28.154,-2.295,0.963
2017-11-24T06:00:00Z,-0.703,12.879,19.874,-1.644,-2.337,22.683,28.222,27.42,2.871,19.612,-3.511,-5.613,18.366,-1.914,22.296,4.173,13.469,17.009,6.006,-6.002,10.32,-9.363,7.326,-2.003,24.501,28.956,2.564,15.99
2017-10-19T12:00:00Z,0.007,7.256,8.195,13.743,19.422,27.663,27.907,19.7,10.028,19.322,-8.278,13.075,-7.034,29.038,-7.968,22.774,-1.636,6.722,7.709,-4.616,18.739,26.268,4.752,2.912,-4.83,21.727,0.373,-9.586
2017-07-19T03:00:00Z,-1.598,4.95,22.928,-7.881,3.605,-3.414,3.613,13.873,4.583,2.437,29.565,7.138,6.759,0.49,15.178,2.128,15.365,8.042,22.602,-4.98,9.741,16.382,5.247,26.198,24.836,20.205,11.277,0.357
2017-12-21T14:00:00Z,20.74,4.298,-5.194,15.723,21.993,22.591,-7.303,2.956,6.733,-1.252,9.887,-2.65,3.368,-4.874,18.681,18.26,7.825,-8.018,23.201,-7.869,28.042,10.607,8.942,27.046,22.224,-9.932,-0.407,-9.894
2017-12-07T17:00:00Z,0.727,21.034,6.601,-0.345,19.631,-5.929,22.117,-3.878,25.614,15.479,10.526,8.453,1.221,5.147,21.194,7.465,28.075,17.793,28.755,9.385,0.821,16.78,4.858,25.335,24.088,9.564,20.012,12.786
2017-11-24T19:00:00Z,7.926,7.789,16.837,28.757,10.192,9.847,26.138,11.706,-1.655,22.579,15.352,0.461,2.155,0.867,2.709,11.58,26.844,14.29,16.458,29.859,2.272,19.944,10.396,-5.681,-6.752,19.457,-6.374,-3.345
2017-08-12T09:00:00Z,6.835,20.294,25.003,25.322,6.652,-5.085,21.629,-9.187,14.481,14.261,10.783,29.121,-6.777,16.809,-5.267,28.735,7.531,27.344,17.988,19.969,24.187,-9.201,-2.365,-8.251,14.041,-3.299,14.177,6.548
2018-04-16T10:00:00Z,-7.149,15.582,23.067,1.615,19.43,-2.489,11.059,23.609,12.887,17.994,22.174,23.675,-8.916,-9.726,29.52,10.936,13.296,5.079,8.82,24.507,10.882,-9.233,4.768,27.258,-1.818,18.427,-0.013,8.465
2018-03-24T22:00:00Z,-7.282,23.339,20.231,-3.016,28.512,12.236,20.156,23.385,28.024,17.064,25.379,17.512,11.077,25.788,8.502,25.561,15.455,23.732,3.405,18.676,-9.58,2.476,-1.881,-9.089,5.365,23.928,5.424,-6.988
2018-11-25T02:00:00Z,-7.911,18.47,24.943,11.681,15.222,23.366,-2.825,18.459,21.499,17.065,23.192,25.71,7.367,-9.919,3.189,18.443,-6.493,29.813,27.774,1.957,25.453,17.811,6.7,0.944,-6.991,27.871,8.808,18.062
2018-09-27T12:00:00Z,8.489,22.316,20.925,22.447,8.112,9.432,4.993,-7.447,-7.083,10.979,-8.105,-4.222,0.78,7.695,-8.972,25.842,4.486,22.76,13.603,-2.742,-5.811,22.198,28.153,20.086,29.648,-0.229,23.555,19.653
2018-09-10T01:00:00Z,20.213,24.103,26.421,7.604,21.523,22.699,16.619,-4.254,25.431,12.483,16.064,-4.26,17.713,-6.395,9.136,-5.184,15.755,-1.617,-6.829,-7.115,14.225,0.116,-8.769,27.918,3.157,-6.3,5.677,10.734
2018-05-18T02:00:00Z,21.664,4.415,-2.34,16.709,11.112,24.459,6.02,16.101,10.901,-3.535,22.146,27.763,-9.46,26.836,13.176,20.707,23.342,7.211,-3.793,13.794,12.534,3.335,25.443,-4.703,-9.078,13.852,5.457,-4.562
2018-05-12T15:00:00Z,4.984,7.475,-8.562,3.013,29.554,1.112,-0.679,6.392,7.223,-2.178,-1.746,6.736,23.948,-4.744,-6.566,8.149,17.919,-7.135,28.102,-7.219,-8.807,22.204,4.929,-9.172,26.717,3.163,-1.329,9.338
2018-12-30T15:00:00Z,10.317,28.459,13.598,6.676,-3.915,-9.027,20.721,4.639,2.573,11.913,28.979,6.04,-9.231,7.032,0.852,16.067,11.048,-3.269,4.775,-2.676,-6.732,3.938,-2.011,5.366,-5.936,10.946,-0.89,20.456
2018-08-06T06:00:00Z,-6.604,17.237,12.573,7.357,29.05,-2.896,12.323,26.953,13.063,-9.785,7.747,18.12,3.419,16.967,1.367,16.598,17.263,-5.016,-3.676,7.154,3.261,29.965,6.485,27.678,25.063,8.227,-1.581,28.431
2018-06-22T18:00:00Z,8.144,4.22,5.315,0.108,24.238,-9.572,-3.707,-6.753,28.981,18.916,21.142,15.426,2.869,-2.677,0.506,4.203,-4.696,3.958,1.993,-8.942,-7.937,-9.643,14.517,17.058,-9.327,2.051,14.323,-6.61
2019-08-11T21:00:00Z,27.052,-3.8,6.171,9.152,9.509,-7.409,1.35,1.16,-1.135,19.438,7.506,11.563,-2.902,18.514,8.021,27.246,19.542,3.99,15.941,10.121,14.918,20.352,-0.692,22.126,10.686,18.705,-1.392,21.387
2019-09-05T21:00:00Z,14.771,16.929,16.684,0.919,-4.603,21.182,18.3,1.062,-3.851,-4.281,29.373,27.409,7.353,-8.534,6.003,-7.528,2.767,13.93,0.881,6.799,16.236,13.215,19.841,14.668,-7.382,21.307,17.448,25.581
2019-06-28T20:00:00Z,-9.788,-3.04,27.39,13.398,12.419,28.199,20.75,7.287,-8.732,15.896,-2.104,28.421,17.181,14.681,14.742,28.87,27.729,20.205,17.772,22.708,2.024,-8.094,28.73,-4.693,19.141,-3.344,17.847,-7.697
2019-10-07T10:00:00Z,27.008,-0.046,-5.557,-5.292,9.788,19.86,2.502,9.659,14.847,6.315,-6.827,-0.384,-4.037,25.089,19.06,-3.19,8.442,20.16,29.555,24.291,5.115,5.015,0.004,12.36,28.559,29.227,9.531,3.906
2019-01-24T17:00:00Z,19.773,18.404,-7.281,-3.618,24.931,-6.248,17.851,24.649,9.59,5.361,13.326,0.169,11.165,26.853,29.64,21.191,12.812,25.32,14.02,8.529,1.316,-0.911,13.867,24.477,20.276,3.176,29.633,16.453
2019-04-22T02:00:00Z,3.66,21.386,2.055,7.612,4.721,15.633,13.065,23.248,7.996,29.957,28.072,29.831,24.022,4.64,-9.188,25.379,16.416,23.443,-1.326,12.997,-1.116,-9.528,6.262,-8.031,11.06,-9.922,13.074,22.73
2019-06-28T19:00:00Z,-4.949,22.236,10.298,-7.129,5.575,17.594,26.176,19.871,2.398,17.945,4.02,19.089,-3.719,2.545,6.201,24.767,-2.464,28.231,0.835,7.767,27.106,6.115,-9.081,14.308,5.292,25.712,25.242,27.204
2019-04-13T06:00:00Z,-8.409,19.53,-5.425,22.298,10.119,-6.013,-0.471,17.917,-1.842,28.276,23.978,27.879,1.373,15.573,20.858,7.445,3.404,20.45,25.322,-8.187,22.932,15.419,-2.897,28.838,0.644,15.418,-5.421,25.148
2019-07-01T15:00:00Z,26.266,25.396,12.805,26.314,-0.728,19.091,23.783,-4.791,20.842,-8.938,-8.281,19.163,17.907,27.33,29.189,17.698,2.72,6.18,0.813,-3.866,22.16,-8.162,9.52,-4.084,9.354,-8.264,19.235,2.781
2019-07-28T11:00:00Z,26.957,-4.73,28.042,8.342,26.092,7.62,18.497,13.724,13.227,17.414,16.645,20.537,18.698,12.316,26.322,2.366,17.479,-0.065,15.602,6.975,3.204,25.742,12.758,4.814,12.933,21.603,26.162,3.806
